Actual,Predicted
1.372561557838681,1.454639352015901
0.373281548133568,0.39692193696187394
-0.44533007040458217,-0.6046727519482122
-0.9586434894769709,-0.8561639708656319
1.540677306443175,1.7038726615704316
-0.6623114632701159,-0.47691227472791403
-0.6112042756943497,-0.5567046860969147
-0.6641046979218971,-0.6910308912540547
0.3414516330644504,0.44087374473730184
-0.46102087360766825,-0.4567502808593171
-0.7569045911515779,-0.6775103544259831
1.466706377057198,1.3946961408239493
1.5070541567222762,1.5008674283465777
1.7715562678600139,1.4973165758933904
-0.2987331376214633,-0.22976929294632606
-0.8129431740197426,-0.8032335584869081
-0.6112042756943497,-0.6477251177780466
0.8906297451724645,1.2614853570637063
-0.8241508905933755,-0.7669748607873831
-0.5955134724912635,-0.6551440932498093
0.09488186844452567,0.3171540182413252
1.2470351322139923,1.1794469242335481
0.06125871872362685,0.21984344649628076
-0.8465663237406414,-0.770350430198257
-0.8017354574461096,-0.7154523054061166
-0.745696874577945,-0.7413094667012684
-0.6448274254152485,-0.614386434612481
-0.8241508905933755,-0.8412885023205982
2.8878448385938547,1.3669136555035586
0.419905649079881,1.6926068218068133
-0.555165692826185,-0.7050300806890655
2.5247148216081476,1.2763547391802712
-0.8577740403142744,-0.8256494471470787
-0.6560351419888815,-0.7859582946741899
0.5992291142580081,0.5732008304626169
-0.7905277408724767,-0.7602492671384248
-0.8689817568879074,-0.8355118018251971
-0.8913971900351733,-0.833109908203372
-0.5399231982860442,-0.528668142251167
1.193238092660554,1.3457414733951383
-0.6336197088416156,-0.811773201839582
-0.6699327105401863,-0.7040207354282705
-0.6645530065848424,-0.7632455457298158
0.9130451783197304,1.302013493779552
0.03436019894690773,-0.6377278047642952
-0.7008660082834132,-0.7308738678141098
1.543367158420847,1.3401618898131842
-0.925020339756072,-0.870620963006806
-0.3614963504338077,-0.3565860561717968
-0.7569045911515779,-0.6508235158314678
1.170822659513288,1.0131705753728644
-0.7569045911515779,-0.7762593898554051
-0.8689817568879074,-0.7800189281210865
0.7113062799943375,0.9344312720076781
-0.06202616358633551,-0.26512518086890563
-0.36687605438915155,-0.415970552582997
-0.7569045911515779,-0.8269979450075559
-0.8129431740197426,-0.7494080534529707
-0.8577740403142744,-0.8542232197076717
2.435501397682029,2.547953619914427
-0.913812623182439,-0.7520277910391991
-0.7008660082834132,-0.7829300409824731
-0.6555868333259361,-0.6101682423157521
-0.7232814414306791,-0.6333769486630744
-0.8017354574461096,-0.7488863623802353
-0.7479384178926716,-0.748246548877661
-0.8689817568879074,-0.7676330260926795
1.4846387235750103,1.6703739820355261
1.45594696914651,1.4710119287045582
-0.8017354574461096,-0.8723844944337547
-0.7120737248570461,-0.5919628840447737
-0.745696874577945,-0.6429285342293642
-0.44533007040458217,-0.4965978065459767
-0.8017354574461096,-0.6926282693578705
-0.7905277408724767,-0.8470936256714977
-0.8129431740197426,-0.6549830484533957
-0.734489158004312,-0.6982579439985862
-0.7681123077252109,-0.6701564385017111
-0.8801894734615403,-0.7817895498953323
1.4595334384500724,1.2961227600229475
0.15092045131269038,0.4121410877020809
-0.5327502596789191,-0.5692056782035197
1.632580582346965,1.4889299855796676
-0.7569045911515779,-0.7194519420883243
1.2492766755287188,1.3546192974539746
1.2627259354170781,1.3572565016389329
-0.8017354574461096,-0.6859104652566193
-0.7335925406784214,-0.7122563517570192
-0.8465663237406414,-0.8000720006804555
1.5339526764989957,1.4114731764378052
-0.7120737248570461,-0.760721501226775
-0.8129431740197426,-0.8078296502410703
-0.8577740403142744,-0.7364612091265288
1.3815277310975875,1.3142577127009192
-0.7905277408724767,-0.7475163910783859
0.812175729157034,1.2099504281658462
-0.745696874577945,-0.6345770964502698
-0.7120737248570461,-0.6453593597812379
-0.7905277408724767,-0.703019985825188
1.1596149429396552,1.360785513432085
1.2963490851379769,1.1668529957552218
-0.8577740403142744,-0.8732332642778297
-0.4946440233285671,-0.36487000927697005
-0.7569045911515779,-0.6898700867978396
-0.6560351419888815,-0.5259501302049485
-0.6336197088416156,-0.7211448507057713
-0.7681123077252109,-0.7101994722975873
1.4398078572804784,3.0395097296201565
1.9638806842635548,1.8152569194218358
0.8457988788779328,1.2257330304631864
-0.8241508905933755,-0.7935712306587639
-0.6641046979218971,-0.7941470295600327
1.739726352790896,1.3958489044932647
-0.6641046979218971,-0.7197423447020764
1.3949769909859469,1.319498469693472
-0.8577740403142744,-0.7558287385309255
-0.7120737248570461,-0.7038493191476913
-0.5775811259734508,-0.7354542002350466
-0.8425315457741336,-0.7665715700875955
1.1573733996249287,1.0713092374340645
1.0977483474532013,-0.6595507033378641
-0.8129431740197426,-0.6781557425417714
-0.7232814414306791,-0.6810275661507987
-0.7232814414306791,-0.6827392870127722
-0.8689817568879074,-0.8855066850613517
-0.9474357729033379,-0.8686523849761176
-0.555165692826185,-0.6176984047563073
-0.925020339756072,-0.8606095767374867
1.3456630380619619,1.3395781310307848
1.448774030539385,1.4478183243048157
1.0363300606296928,1.245938469075852
-0.8124948653567973,-0.7956820621644635
-0.6797955011249832,-0.5207500085853092
-0.745696874577945,-0.7789601118205085
-0.7927692841872034,-0.7586503068368036
-0.5677183353886538,-0.5070253900888871
-0.6448274254152485,-0.8183626774944537
1.453257117168838,1.4176393409108246
1.407529633548416,1.29905048972405
-0.8017354574461096,-0.7461128473704016
-0.8017354574461096,-0.8921941017464222
-0.6336197088416156,-0.64518370987196
-0.6448274254152485,-0.6810480499614117
-0.6560351419888815,-0.6975393292405188
1.2380689589550857,1.3125071699148816
-0.8129431740197426,-0.7557278868846785
-0.925020339756072,-0.839655040213223
1.5160203299811827,1.4836528701987528
-0.7905277408724767,-0.6465093432859716
-0.8017354574461096,-0.8214669002030291
-0.6560351419888815,-0.5218198136333985
-0.913812623182439,-0.7775441239521712
-0.5663734093998178,-0.7090470613491626
-0.8689817568879074,-0.780729307635111
-0.6224119922679826,-0.570093115223483
-0.7681123077252109,-0.7750680369297057
-0.7793200242988438,-0.8765233009415997
-0.6641046979218971,-0.6457412310800902
1.8208702207839986,1.7288123692908373
1.0475377772033256,1.4421715408071325
-0.7793200242988438,-0.7399453889366733
-0.7793200242988438,-0.7459239168539219
0.8704558553399251,0.7471885008308062
-0.8801894734615403,-0.8546128102461046
-0.9026049066088061,-0.886957153333523
-0.6448274254152485,-0.6970797327180793
-0.7681123077252109,-0.841746742141419
-0.925020339756072,-0.8477854939724061
1.0923686434978574,1.2030227356804593
-0.5910303858618104,-0.5797852001293481
-0.34221907792715905,-0.29047039070208297
1.1371995097923893,1.3237047839605012
-0.5103348265316532,-0.6819258077537997
-0.6641046979218971,-0.7178740461981749
-0.8349102985040631,-0.8211272349133824
-0.6784505751361473,-0.7296386961138851
-0.5013686532727468,-0.5225523942227713
1.8388025673018116,1.66551677991148
-0.9026049066088061,-0.7573619147714242
1.6011989759407932,1.4354556804938632
-0.936228056329705,-0.81067535145489
-0.8017354574461096,-0.7447413693143066
1.072194753665318,0.6584224366516291
-0.7569045911515779,-0.7453416579737654
-0.8577740403142744,-0.8542135249912787
1.453257117168838,1.4120575215345286
-0.745696874577945,-0.7876573178572702
1.5025710700928232,1.4242066318829214
1.3680784712092278,1.3677718516562627
0.6732000436439854,0.5187652375076904
-0.31980364477989315,-0.758882672512164
-0.8801894734615403,-0.7899700572025041
-0.7232814414306791,-0.7823472006935352
-0.5040585052504187,-0.7148523061553996
-0.8913971900351733,-0.7503739949735813
-0.936228056329705,-0.8324558826431742
-0.936228056329705,-0.8038439404599605
1.0363300606296928,1.4105592505802667
-0.936228056329705,-0.8177703668756812
-0.6784505751361473,-0.6861596791769624
-0.631378165526889,-0.7167156671660901
-0.6542419073371002,-0.7422329665817418
-0.6851752050803271,-0.6296287149324853
-0.9474357729033379,-0.8652258464374071
-0.8353586071670085,-0.7925310160853951
-0.9026049066088061,-0.7891048042691288
-0.5663734093998178,-0.5464796941719424
-0.913812623182439,-0.7873132553373737
1.220136612437273,1.1565222439086174
-0.8353586071670085,-0.758059988638599
1.3187645182852428,1.2473956939722979
-0.6578283766406626,-0.6557506832087878
1.170822659513288,1.5052083957261366
-0.5103348265316532,-0.5790086575759851
-0.6672428585625144,-0.7641253083459216
-0.913812623182439,-0.8718388922060127
-0.7232814414306791,-0.5974040430347428
1.5205034166106355,1.4203672327279329
1.2232747730778903,1.3148530318201144
2.0943385051806422,1.9732225202099398
1.02512234405606,1.4484487949851188
-0.8017354574461096,-0.7523940467397352
1.3210060615999695,1.1666037787371557
-0.515714530486997,-0.4685792838478105
-0.7102804902052648,-0.83005369621393
1.5070541567222762,1.6334793575688638
-0.8801894734615403,-0.8237416189238288
1.2492766755287188,1.1076445027635515
-0.6560351419888815,-0.7576460996747975
-0.6641046979218971,-0.683407844280237
1.547401936387355,1.5093091471312547
-0.6896582917097802,-0.7752221249342441
1.30083217176743,1.1748101896897825
-0.9474357729033379,-0.8660972192198083
-0.8017354574461096,-0.6488382665771768
1.6011989759407932,1.6461971128256467
1.6836877699227313,1.388120706784245
0.7359632564563299,0.6239878220859613
-0.9026049066088061,-0.8243729215340238
-0.8689817568879074,-0.7748209149003925
-0.7681123077252109,-0.7787561020977788
-0.6448274254152485,-0.6137225740183109
0.991499194335161,1.311715154593733
0.9780499344468017,0.7304113199869336
-0.745696874577945,-0.7394051484299126
1.4398078572804784,1.347355560676575
1.1147840766451234,1.2569690846697321
0.7538956029741428,0.5629188241453461
-0.8801894734615403,-0.7281647807213505
-0.7905277408724767,-0.7619917683906985
-0.4341223538309492,-0.43757055842471543
-0.8801894734615403,-0.8111469772212918
1.8428373452683189,1.9294727478625198
0.8682143120251986,1.2679444873467594
-0.6672428585625144,-0.6007211613498312
-0.4542962436634885,-0.39260637116449293
1.4003566949412907,1.3431690664372324
-0.7031075515981399,-0.765566542926122
1.4173924241332128,0.597048648018149
-0.6224119922679826,-0.7658086242198195
-0.6672428585625144,-0.7302562800622185
-0.34894370787133877,-0.37187720074517466
-0.7793200242988438,-0.807914510570791
-0.5887888425470837,-0.7061457995021063
-0.8465663237406414,-0.7410870165396989
1.291865998508524,1.255570765792658
1.0811609269242246,1.5556340322400677
0.9466683280406293,1.393307373991687
-0.543957976252552,-0.6592190829789109
0.800968012583401,1.0492147013471167
1.372561557838681,1.3045680062702962
-0.5999965591207167,-0.7680983775459447
-0.5148179131611064,-0.6287760544711353
-0.45877933029294166,-0.7128834532425732
1.2066873525489135,1.113866010636922
-0.42739772388676933,-0.5520216193464897
-0.8129431740197426,-0.7613288247504131
-0.5775811259734508,-0.8251923379289258
0.8301080756748466,0.6512256556540589
1.146613991714241,1.1856873545629345
-0.8017354574461096,-0.8051023646612356
-0.669484401877241,-0.7878560487284434
-0.7102804902052648,-0.7574750754782876
1.4263585973921193,1.349736119753798
0.9377021547817228,0.6898816810976632
0.9377021547817228,0.7424652176751705
-0.734489158004312,-0.7811026492308727
-0.7569045911515779,-0.8088985493991164
-0.12927246302813317,0.08950087906435994
-0.5327502596789191,-0.45245135632124117
-0.7569045911515779,-0.7013931047980537
1.2380689589550857,1.5795688813272772
-0.6224119922679826,-0.4575886236024288
1.002706910908794,1.1946843020108637
-0.913812623182439,-0.8260812915753432
-0.8465663237406414,-0.7612287971574163
-0.6784505751361473,-0.8393826600226132
1.5967158893113398,1.5518902740603742
-0.7681123077252109,-0.7157525774419129
1.002706910908794,1.431293285692562
1.5339526764989957,1.4504370150070232
0.8735940159805423,0.8641166387979909
-0.6641046979218971,-0.723952766186011
-0.17410332932266492,-0.22712137463151713
-0.9026049066088061,-0.8274595217595834
1.448774030539385,1.3931016363418511
1.3815277310975875,1.3745691127561401
1.4173924241332128,1.4417993785072425
-0.5663734093998178,-0.6071671406913615
1.5429188497579014,1.5170417117864792
-0.745696874577945,-0.7991514898661908
1.0363300606296928,1.461480242693183
-0.7748369376693907,-0.8020400290405336
-0.7569045911515779,-0.8298378908840298
1.2716921086759845,1.4032255954811685
-0.7569045911515779,-0.7323364130225727
-0.8353586071670085,-0.6955104856200611
-0.6560351419888815,-0.7124441115942506
-0.8017354574461096,-0.7333957490885241
1.8612180004490775,1.539681884711241
-0.913812623182439,-0.8015730328432655
-0.5887888425470837,-0.5614788544300284
-0.5999965591207167,-0.7446948577111719
-0.7569045911515779,-0.7234462803501851
1.4084262508743064,1.253239947379294
-0.925020339756072,-0.8734765218348364
-0.43188081051622257,-0.6001287033510048
-0.8913971900351733,-0.7607067750744688
-0.7232814414306791,-0.6215220200894678
-0.6784505751361473,-0.648281085131253
-0.8017354574461096,-0.724327697108116
-0.555165692826185,-0.4985422319673555
1.3994600776154003,1.5056031947341169
-0.7905277408724767,-0.7844296128158126
-0.936228056329705,-0.852585447041338
-0.6896582917097802,-0.6420019259115257
-0.7569045911515779,-0.6768154707825003
-0.745696874577945,-0.7797707441321841
-0.8465663237406414,-0.8134915515361025
-0.8801894734615403,-0.8252685444173948
-0.6896582917097802,-0.709675859182757
-0.7793200242988438,-0.6914648307713752
-0.6784505751361473,-0.6185878991162872
-0.6784505751361473,-0.7135405900047319
-0.8353586071670085,-0.666345813449634
-0.24807425870864228,-0.4695625716252416
-0.8241508905933755,-0.6710799060267356
0.6956154767912512,0.5303020577812787
-0.6672428585625144,-0.7026653201282542
1.2403105022698122,1.117382669517191
1.397666842963619,1.2883576794214158
-0.6672428585625144,-0.8004821188771928
-0.8577740403142744,-0.8268501154315463
-0.8241508905933755,-0.8818734515166307
1.5160203299811827,1.4845149006899299
1.372561557838681,1.335005264915605
1.434428153325135,1.4466149917243907
-0.8241508905933755,-0.6789082391087583
-0.7120737248570461,-0.6278060002778754
-0.8353586071670085,-0.7927255580713093
-0.745696874577945,-0.7727333511476892
-0.734489158004312,-0.5954742879413256
-0.6717259451919675,-0.6377795753937594
-0.8129431740197426,-0.8474539716474563
1.148407226366022,1.2685251763855552
-0.7232814414306791,-0.8577826788371632
-0.7793200242988438,-0.8284003089286989
-0.925020339756072,-0.8458669621520617
0.7538956029741428,0.47837290723182013
-0.8129431740197426,-0.6906506271369702
-0.3130790148357135,-0.5133301334871698
-0.8129431740197426,-0.6853516887851006
-0.8129431740197426,-0.7603224634195729
1.5832666294229802,1.5135421484711193
-0.8577740403142744,-0.6896388101127607
-0.12389275907278931,-0.21937396820390795
1.1371995097923893,1.5551831484662582
-0.555165692826185,-0.5637997399881156
1.3815277310975875,1.3080781491586702
1.4891218102044639,1.500724362875001
-0.8241508905933755,-0.7620307091942666
-0.6560351419888815,-0.7346073862510015
1.3949769909859469,1.3538734718194374
-0.6336197088416156,-0.6748091152393004
-0.8801894734615403,-0.855666510167622
-0.7569045911515779,-0.7739699525572977
-0.6224119922679826,-0.5731940473148619
-0.7479384178926716,-0.7103304383579582
-0.8353586071670085,-0.818796064056758
-0.6224119922679826,-0.7345692614404213
-0.5372333463083723,-0.5850645331027751
-0.6112042756943497,-0.6428796726528015
-0.6112042756943497,-0.7926063864241221
-0.4767116768107544,-0.4909353607869705
1.632580582346965,0.4213321625806585
-0.7793200242988438,-0.6374889550382151
1.0363300606296928,0.7845888648329572
-0.6641046979218971,-0.8284410148833166
-0.8689817568879074,-0.7574483657907255
-0.6896582917097802,-0.7137441857978515
-0.7120737248570461,-0.5353743853741972
-0.7120737248570461,-0.610275967931889
-0.8353586071670085,-0.7705751039890996
-0.6874167483950536,-0.751433347602631
1.3142814316557898,1.3372613392877912
-0.6641046979218971,-0.745139475375757
-0.7681123077252109,-0.6266888918283605
1.3402833341066183,1.4708390751011937
-0.8465663237406414,-0.7478599458106653
-0.936228056329705,-0.8088454444904208
-0.8129431740197426,-0.7289933090386979
1.2882795292049611,1.268670268843382
1.6370636689764186,1.4032248640694371
-0.7793200242988438,-0.6979322683270218
1.5070541567222762,1.4673373521221424
-0.8241508905933755,-0.8083197334048116
1.5070541567222762,1.363039180916959
-0.9026049066088061,-0.7774885701448173
1.5070541567222762,1.3670582792192654
-0.5327502596789191,-0.64606819806969
-0.7793200242988438,-0.7667993221605375
-0.4341223538309492,-0.4203429858253489
1.3788378791199156,1.408987790334044
1.5025710700928232,1.4682335895160965
1.4263585973921193,1.3450297180831923
1.7760393544894668,1.6492022613183572
-0.6784505751361473,-0.7042844696050434
-0.734489158004312,-0.7157856322765618
1.610165149199699,1.459800455396954
-0.4941957146656218,-0.48810419687161244
1.4263585973921193,1.3833114870551781
1.1726158941650693,0.9239657018847967
1.6276491870545666,1.441032045428972
-0.45160639168581657,-0.5215354669369129
-0.8241508905933755,-0.7696352124292717
1.0587454937769587,1.5186137514010485
-0.7569045911515779,-0.7856677484225871
-0.5999965591207167,-0.5957777205418096
1.4263585973921193,1.4646174497822866
-0.6336197088416156,-0.6129803796464037
-0.6641046979218971,-0.6504080726498251
1.7984547876367327,1.7627513455630193
-0.7569045911515779,-0.6281370954490929
-0.8017354574461096,-0.685349671449602
1.4353247706510257,1.4456065506400049
1.3949769909859469,1.2683910229284912
1.3994600776154003,1.3192623328712931
1.5765419994788004,1.447288357741271
-0.5327502596789191,-0.5508719326997289
-0.936228056329705,-0.8747624476899342
1.3456630380619619,1.3967846620875628
1.1726158941650693,1.2780836350566025
-0.8465663237406414,-0.7663599468824693
1.2963490851379769,1.167426960794919
-0.9586434894769709,-0.847511361449586
-0.7008660082834132,-0.5979455610570119
-0.631378165526889,-0.5797192277740504
1.7872470710630997,1.7719869010099645
1.4173924241332128,1.4089004570208778
-0.913812623182439,-0.8134767156183677
1.0139146274824269,1.365804305632914
1.543367158420847,1.2558334676858618
-0.5887888425470837,-0.6582199919569747
-0.8644986702584543,-0.7944437274056835
-0.7232814414306791,-0.8071777103967798
-0.7569045911515779,-0.7235901147272127
-0.7569045911515779,-0.7676744011967607
-0.6112042756943497,-0.6362839695733437
-0.6560351419888815,-0.6436260269223726
-0.6112042756943497,-0.7063430314795414
1.097300038790256,1.1784256255667038
1.3277306915441494,1.279496684534814
0.9578760446142622,1.1651282624090293
0.8457988788779328,1.28258863564852
-0.4341223538309492,-0.4776963459140535
-0.7120737248570461,-0.8499934330185842
-0.6896582917097802,-0.8384086443149477
0.13971273473905743,0.18606436999398535
1.5855081727377067,1.4486577848610844
1.4129093375037596,1.3133007167834712
-0.8913971900351733,-0.7770432247313978
1.7020684251034897,1.4799243245181413
-0.734489158004312,-0.7518259354498374
-0.6170322883126388,-0.5725353154280525
-0.745696874577945,-0.6224417877010389
-0.6112042756943497,-0.7536163172993117
-0.6336197088416156,-0.6288904591135992
0.7561371462888693,0.8088596917423304
-0.6336197088416156,-0.8272206117978268
0.5880213976843751,0.0939866774934687
1.30083217176743,1.1672682347908088
1.540677306443175,1.4901575733646484
-0.6766573404843661,-0.6896635761255966
-0.8017354574461096,-0.7369404000099826
-0.7793200242988438,-0.8403298292066428
-0.8913971900351733,-0.7817396354294126
-0.5999965591207167,-0.7361917041522172
-0.936228056329705,-0.8874703698572962
1.610165149199699,1.5264992049215458
-0.5215425431052861,-0.39175770183379105
-0.7681123077252109,-0.8439356480829698
-0.8913971900351733,-0.8418064600231884
-0.7335925406784214,-0.7448241995445308
-0.5511309148596771,-0.6584855042742175
-0.5887888425470837,-0.6783815716887815
-0.734489158004312,-0.6844765188898438
0.4759442319480457,0.654772445910222
-0.8017354574461096,-0.7368977092025847
-0.050818447012702564,0.028788348416116542
-0.6224119922679826,-0.6764766044684016
0.762861776233049,0.7968777897413454
1.3142814316557898,1.2697970122010462
-0.6448274254152485,-0.8075919966632944
-0.7569045911515779,-0.6444059100528814
-0.6224119922679826,-0.7486062243016226
-0.7905277408724767,-0.7218014338990821
1.4945015141598073,1.3396040640028768
1.5429188497579014,1.5110341833234937
-0.6896582917097802,-0.7014654062223208
1.3913905216823845,1.448125824732587
-0.8353586071670085,-0.8262815871413606
-0.5999965591207167,-0.7666652634529041
-0.7120737248570461,-0.7709476378496419
-0.6112042756943497,-0.46873453560807077
-0.631378165526889,-0.6151888621485312
-0.7008660082834132,-0.6368599471098108
-0.8465663237406414,-0.6921796285360938
-0.8241508905933755,-0.8062745747813015
-0.7681123077252109,-0.802550446421687
-0.6784505751361473,-0.6783275859981562
0.5768136811107422,0.5992196324976329
1.529469589869542,1.4916699074473048
-0.8465663237406414,-0.7326517056900774
-0.8801894734615403,-0.761168132463203
-0.18531104589629788,0.041105481174176235
0.8457988788779328,1.2137598869826134
-0.8913971900351733,-0.738249519385156
1.5160203299811827,1.4689335100185306
-0.8577740403142744,-0.8703672359376216
-0.6448274254152485,-0.725172004325556
1.2156535258078198,1.430784883322544
1.4084262508743064,1.3711647225210473
-0.7008660082834132,-0.6538269746046114
-0.8577740403142744,-0.8309690242876198
1.0811609269242246,1.5767377286312116
1.3860108177270405,1.4051227393552401
1.5608511962757143,1.4578278347858895
1.8657010870785302,1.5925200663091406
-0.8129431740197426,-0.7403161838367346
-0.7793200242988438,-0.7587226898154512
-0.8017354574461096,-0.7192954356405546
-0.2413496287644626,-0.3031429555671509
-0.8913971900351733,-0.7266053595964559
-0.3296664353646901,-0.4822822603724369
1.3165229749705163,1.414191634181196
-0.5775811259734508,-0.487021593448292
0.45352879880077984,0.5168494740004013
-0.4542962436634885,-0.500541383348569
-0.8241508905933755,-0.8225674858574868
-0.2938017423290648,-0.3667075001147134
1.5608511962757143,1.406674467380514
-0.8801894734615403,-0.8413255775201505
1.5765419994788004,1.3833093013934878
1.0475377772033256,1.1911374759038693
0.15988662457159672,0.35463902926007823
1.4398078572804784,1.4507546481104974
-0.7905277408724767,-0.8115695897660432
1.0363300606296928,1.445436134066254
-0.9474357729033379,-0.8991500355185166
-0.517059456475833,-0.5995228582378052
0.6440599805525399,0.7649858486771506
1.3142814316557898,1.3564397609533234
-0.5887888425470837,-0.5450870734279457
1.3815277310975875,1.3159943263164224
-0.7569045911515779,-0.7719763582181263
-0.555165692826185,-0.6001930619294197
-0.9026049066088061,-0.7864816175222862
-0.2996297549473539,-0.352412566018757
0.08008768256733027,-0.022780542476602605
1.430393375358627,1.472054473010794
-0.039610730439069625,0.0648027088654006
-0.5793743606252321,-0.5898719688068813
1.5994057412890117,1.5102328174747437
-0.8129431740197426,-0.7333144583361041
-0.8376001504817351,-0.8247399411469266
-0.21893419561719668,-0.12926846640541217
-0.8577740403142744,-0.6764022371984163
-0.6672428585625144,-0.531237910301728
1.6370636689764186,1.5467609064696073
-0.6672428585625144,-0.7258266255665827
-0.925020339756072,-0.8290681606403193
-0.49912710995802023,-0.5218797096076858
-0.6224119922679826,-0.6795415569456245
0.9668422178731687,0.6711497295939731
-0.8465663237406414,-0.8537710824444454
-0.9586434894769709,-0.8772074417329856
-0.6672428585625144,-0.5259613833616718
1.3658369278945013,1.4182464929247172
-0.6896582917097802,-0.7180224079300064
-0.5103348265316532,-0.3797302426217937
-0.8353586071670085,-0.695960480927679
1.6370636689764186,1.6038767034924024
-0.6448274254152485,-0.6225881638484743
1.5855081727377067,1.3252764749569712
-0.7232814414306791,-0.786870646555948
-0.8129431740197426,-0.7388891682983864
-0.8030803834349457,-0.7462584803577524
-0.6896582917097802,-0.6134156421674244
-0.7120737248570461,-0.8195579398906817
1.170822659513288,0.9275451166118427
-0.7681123077252109,-0.758782119895788
-0.6672428585625144,-0.6958925565524262
-0.8577740403142744,-0.7005405285500579
-0.005539272055225412,0.021590349082168232
-0.7703538510399375,-0.7118268523868889
-0.6112042756943497,-0.6435029029079204
1.569817369534621,1.5205595782035823
-0.6470689687299751,-0.7511562733926412
-0.734489158004312,-0.7863541248900017
-0.734489158004312,-0.769841993310944
-0.9474357729033379,-0.8506445442031145
1.5429188497579014,1.6048710157496868
1.3411799514325087,1.2540223349094939
1.0094315408529737,0.7853014831768617
-0.8577740403142744,-0.7585791840294192
-0.631378165526889,-0.6080804685987478
-0.5103348265316532,-0.5920004240419006
0.9466683280406293,1.3960909770100023
1.3402833341066183,1.434560578546559
1.3815277310975875,1.3829380757230612
1.3142814316557898,1.3042113273082343
-0.7120737248570461,-0.8011146097502656
-0.7120737248570461,-0.8040646874070829
-0.5887888425470837,-0.5963109443363689
-0.8017354574461096,-0.6606638232917005
-0.5327502596789191,-0.6157407864517888
-0.7008660082834132,-0.7633207478092965
-0.8801894734615403,-0.8306378307553648
-0.7905277408724767,-0.7282777228288637
1.852251827190171,1.829432017597426
1.4622232904277443,1.4221551411332556
-0.8241508905933755,-0.7903615120513023
1.6415467556058716,1.4957754775850747
-0.5910303858618104,-0.6143967778088285
1.466706377057198,1.4381147410109179
1.5025710700928232,1.3150026785450926
1.2380689589550857,1.624139385608895
-0.6672428585625144,-0.6784362108647779
-0.8577740403142744,-0.8228278117413613
-0.7232814414306791,-0.7262836236419353
-0.8353586071670085,-0.7421461975900718
1.529469589869542,1.5076734186771201
1.3949769909859469,1.336413166721178
-0.7120737248570461,-0.5882629568141936
1.3456630380619619,1.2546808167320571
-0.6874167483950536,-0.5906908746719849
1.2757268866424927,1.3122263637509388
-0.6112042756943497,-0.7249363615319507
1.3949769909859469,1.8764232571025263
1.4398078572804784,1.4355011514272136
1.2828998252496175,1.625714343605999
-0.8913971900351733,-0.831031457789083
-0.4430885270898555,-0.6707398938712593
-0.8353586071670085,-0.7338416184430652
-0.734489158004312,-0.669362804932336
-0.6560351419888815,-0.5811307102497582
0.9152867216344569,0.7109427006412219
-0.6896582917097802,-0.6960274819217851
-0.8913971900351733,-0.7601964998752535
-0.6224119922679826,-0.6311741773625859
1.5339526764989957,1.5257881264488713
1.3187645182852428,1.3049764435737947
-0.8353586071670085,-0.7795416618676171
-0.2413496287644626,-0.24114113197273812
-0.306802693554479,-0.08521532745490604
-0.7008660082834132,-0.6697973981965873
-0.38122193160340173,-0.3483653549700996
-0.7569045911515779,-0.7817021341340379
1.466706377057198,1.3596563676037712
-0.6784505751361473,-0.6983684789520654
0.7673448628625021,0.759267437512059
-0.8913971900351733,-0.7493982504564615
-0.38973979619936266,-0.5025218667661401
1.333110395499493,0.9583733329552212
1.6594791021236845,1.4628780861230526
1.0923686434978574,1.513965291685854
1.0699532103505915,1.4038354804531852
-0.8353586071670085,-0.8051619131289067
-0.734489158004312,-0.5694222006557278
-0.4475716137193087,-0.3947876738772655
-0.6174805969755841,-0.7414335081471376
-0.7739403203434999,-0.7920631653049366
1.5339526764989957,1.5211725964752578
-0.8017354574461096,-0.7596327085785715
1.0139146274824269,1.43159417833038
-0.7232814414306791,-0.7686121891269867
-0.8465663237406414,-0.8097783281743907
1.182030376086921,1.3375228949579743
-0.42874264987560534,-0.5086827861771106
1.5160203299811827,1.5545221115486683
-0.936228056329705,-0.8822980408375006
0.9466683280406293,0.7104600303980755
-0.7569045911515779,-0.8404840076033836
-0.591927003187701,-0.6441637007833791
0.9269427468710354,0.676108467912276
1.3501461246914153,1.3722304092601603
1.1851685367275382,1.314425568743423
-0.322493496757565,-0.15700146319824956
1.650512928864778,1.5194307135182479
-0.5327502596789191,-0.6033920259939136
-0.7120737248570461,-0.6037822062409339
0.8570065954515658,0.7321015084913015
-0.7008660082834132,-0.6601635357591714
-0.5704081873663257,-0.6755892908386014
-0.6143424363349669,-0.6142721408454637
1.0475377772033256,1.4113770923153213
1.1797888327721946,1.0315665160939183
-0.8465663237406414,-0.7082554255606188
1.4286001407068458,1.3356162735026804
1.2627259354170781,1.3821959744932875
-0.8577740403142744,-0.7093270832469716
-0.8353586071670085,-0.7340484006196726
1.966570536241227,1.5366793886186811
-0.6560351419888815,-0.6263603743939361
-0.8241508905933755,-0.746541936242905
1.557264726972152,1.4391003979315025
1.448774030539385,1.3865651175909601
1.4801556369455573,1.3997195728283998
0.789760296009768,1.197293099666583
1.5429188497579014,1.4724290367374406
0.9690837611878952,1.2384102761934903
1.3860108177270405,1.3437598457115076
-0.5999965591207167,-0.633777103830344
1.4312899926845177,1.3401109209179465
-0.7120737248570461,-0.6823644488557747
1.4353247706510257,1.389604769194334
-0.8577740403142744,-0.7810511567625317
1.182030376086921,1.6240368714595113
-0.49912710995802023,-0.6567815131763355
-0.925020339756072,-0.7697802723390237
-0.6448274254152485,-0.693201576788489
-0.6188255229644201,-0.6710523101782406
-0.6336197088416156,-0.6813687528850546
-0.7569045911515779,-0.7911994923241804
-0.925020339756072,-0.7993909343233122
-0.6403443387857953,-0.6746345010350092
-0.5506826061967318,-0.4820813468564699
-0.8801894734615403,-0.782297800355604
0.9130451783197304,1.299611540440043
1.3142814316557898,1.3800431496813315
-0.745696874577945,-0.7269313189656778
1.3227992962517507,1.156772205793805
-0.5775811259734508,-0.526723318833601
-0.8129431740197426,-0.8308423639338758
-0.7905277408724767,-0.6888713812766272
1.361353841265048,1.2569245930382367
1.1241985585669751,1.225526384759393
-0.3713591410186046,-0.5619947940671866
-0.8129431740197426,-0.8708400524499165
1.4034948555819078,1.301787961997426
-0.6784505751361473,-0.8197924353686578
-0.6784505751361473,-0.5366142672918365
-0.543957976252552,-0.5720518148182061
-0.6560351419888815,-0.5571057381877631
-0.7569045911515779,-0.6671008910088106
-0.6672428585625144,-0.7222405642443487
-0.7232814414306791,-0.6251227550412335
-0.8577740403142744,-0.820957639733079
0.43111336565351394,0.6003732963195921
0.789760296009768,1.045453430863798
-0.6286883135492171,-0.590355425136706
0.9242528948933634,0.785442472733619
-0.913812623182439,-0.7884121843847884
1.753623921342201,1.4126338904316351
1.0923686434978574,0.32068781405315094
-0.555165692826185,-0.4216072310286896
1.3994600776154003,1.3428082823372351
2.4485023489074433,2.996153378742229
-0.8241508905933755,-0.8134483943936228
-0.8241508905933755,-0.7475991621300027
-0.6224119922679826,-0.6943685348950915
-0.4879193933843873,-0.5540790478196419
1.6693418927084813,1.506630380637398
1.4595334384500724,1.3274535435416723
1.0363300606296928,1.4877060968601854
-0.5327502596789191,-0.6844024429233074
-0.5999965591207167,-0.7294031667603192
-0.6896582917097802,-0.6838136792186686
1.5855081727377067,1.4402480964227893
1.1394410531071157,1.1671894160487313
-0.7008660082834132,-0.7737191891458541
-0.8017354574461096,-0.6977512612972315
1.4263585973921193,1.4156563816671799
1.365388619231556,1.2924585437549192
-0.6336197088416156,-0.6762509503863234
-0.8577740403142744,-0.6881164334475882
-0.7120737248570461,-0.7311572730980732
1.1035763600714905,1.2507265265460294
1.361353841265048,1.2904157314260594
-0.6224119922679826,-0.7161660930629055
-0.49912710995802023,-0.46311433349589254
-0.6784505751361473,-0.6979534521441041
1.569817369534621,1.4702816518715394
-0.6560351419888815,-0.6420900040512755
-0.734489158004312,-0.7327277157416519
1.6774114486414968,1.440443845607701
1.5429188497579014,1.4607979860995766
-0.594616855165373,-0.6642637647023312
-0.4767116768107544,-0.371245915058076
-0.8129431740197426,-0.7280529318654121
-0.7905277408724767,-0.6246310448416199
-0.5887888425470837,-0.5941743183728525
-0.7120737248570461,-0.6552099764352779
-0.6224119922679826,-0.6958988129624833
-0.7681123077252109,-0.6967950015413686
0.9130451783197304,0.6318632831100289
0.5476736180192966,0.6764384576426642
-0.3399775346124324,-0.4513977074724348
-0.913812623182439,-0.8320025437086597
-0.8891556467204466,-0.8340208624182849
1.372561557838681,1.2108329330891086
-0.5887888425470837,0.05076009026802147
1.4801556369455573,1.4831631030814305
-0.8689817568879074,-0.8932491781312781
-0.23014191219082963,-0.27846014921979173
-0.8801894734615403,-0.7607738299745009
-0.7681123077252109,-0.7863314418894131
-0.7102804902052648,-0.6894177072833169
-0.9026049066088061,-0.8143645526977149
1.5989574326260663,1.3733679249355404
-0.07323388015996846,-0.05702056474579153
1.7446577480832943,1.6758073745960638
-0.8913971900351733,-0.8165384356907046
1.3546292113208684,1.2679654245034757
1.551885023016808,1.6287228818621196
-0.8129431740197426,-0.7171780034800453
-0.7569045911515779,-0.8068426932781727
-0.7793200242988438,-0.8652635833503347
-0.8241508905933755,-0.6833087374357286
-0.7569045911515779,-0.6861293416614467
1.1618564862543816,0.7096206416118199
1.4263585973921193,1.3937791136395146
-0.8353586071670085,-0.756199766634975
-0.8241508905933755,-0.8205465811438662
-0.7569045911515779,-0.7488003202047282
-0.6008931764466073,-0.579000130317528
-0.913812623182439,-0.8728114155411989
-0.7569045911515779,-0.7348998916856658
1.4689479203719245,1.5325249915139572
1.2631742440800235,1.2497794450702302
-0.6641046979218971,-0.6581173471364238
-0.913812623182439,-0.8580789867120325
-0.6112042756943497,-0.5289873112251205
0.2854130501962857,0.16707096146549463
-0.669484401877241,-0.7244070538867716
0.11460744961411971,-0.03049158367083
-0.5887888425470837,-0.6319118053533279
-0.6067211890648965,-0.7376392625308705
-0.7008660082834132,-0.7096507625581462
2.0943385051806422,1.8240025745308828
0.9354606114669963,1.1752871886720693
1.5025710700928232,1.475553360993863
-0.6641046979218971,-0.8050935347326391
1.02512234405606,1.3866764758588637
-0.7102804902052648,-0.6993738441103338
-0.6672428585625144,-0.7270103828923059
-0.8129431740197426,-0.7018527558232975
0.8749389419693784,0.6273486962126674
-0.7232814414306791,-0.6206465975310478
-0.8017354574461096,-0.7624136283456889
-0.8017354574461096,-0.7556953361142436
-0.7569045911515779,-0.6112123181517849
1.5160203299811827,1.395541603978494
1.4595334384500724,1.371671200128438
1.4891218102044639,1.4347219743176003
1.251518218843445,1.283904215422134
-0.8353586071670085,-0.6856006538183007
-0.6896582917097802,-0.7756369225694516
1.3456630380619619,1.371416917377904
-0.680692118450874,-0.7986818660920609
1.5994057412890117,1.4276039581553992
-0.5955134724912635,-0.7139503163364257
-0.925020339756072,-0.7998732393067965
1.30083217176743,1.2794456807940093
-0.5663734093998178,-0.665255396314753
-0.8129431740197426,-0.7840048694173979
-0.5775811259734508,-0.5894405223692073
-0.9474357729033379,-0.7751303102917262
-0.7008660082834132,-0.7526551241463295
-0.745696874577945,-0.8283111283967164
-0.7008660082834132,-0.7131739695626175
-0.925020339756072,-0.8204982158746312
-0.6896582917097802,-0.5823645630404279
1.3012804804303755,1.2813836836678316
-0.7569045911515779,-0.5790469627289683
-0.2924568163402288,-0.30276254383125273
-0.7681123077252109,-0.748317752851459
-0.7008660082834132,-0.5697524940223829
1.8235600727616705,1.3830859151481598
1.182030376086921,1.370940499051133
-0.6336197088416156,-0.7118078936612643
1.551885023016808,1.5001177881736671
-0.925020339756072,-0.7924942443008294
-0.7681123077252109,-0.8237980019077669
-0.6336197088416156,-0.5390297994712439
1.623614409088059,1.4970969248419845
1.30083217176743,1.2896476706977171
-0.8577740403142744,-0.8363622272108167
-0.3803253142775111,-0.43394995168761186
-0.8801894734615403,-0.7727671651624854
-0.9586434894769709,-0.8322732422093041
-0.8353586071670085,-0.7675608522629725
-0.6672428585625144,-0.7327706180089506
3.50202770682894,3.7535336878719714
-0.7681123077252109,-0.5983373990942293
-0.8129431740197426,-0.6785543173798573
1.4644648337424708,1.3994380333365875
0.991499194335161,1.401353653682458
-0.7008660082834132,-0.6546041054976562
1.5832666294229802,0.03304778319498986
1.2873829118790707,1.1652883065782838
1.3895972870306033,1.3563350482331473
-0.7905277408724767,-0.79198191072278
0.3414516330644504,0.3947008510319049
-0.8801894734615403,-0.7924162530886256
-0.7569045911515779,-0.6930752222240572
-0.8577740403142744,-0.80834658104106
-0.5215425431052861,-0.49711888994818954
-0.6784505751361473,-0.6245371782705896
-0.734489158004312,-0.7679905823585804
-0.9026049066088061,-0.7366203307156484
0.6888908468470716,0.4910203238308466
-0.7905277408724767,-0.7874784675967237
0.6687169570145322,0.5211893866248786
-0.050818447012702564,-0.26445610061135044
-0.8913971900351733,-0.7801966601148234
-0.6448274254152485,-0.6967326251492941
1.811904047525092,1.7118723034335626
-0.8017354574461096,-0.7152493916755089
1.4958464401486433,1.363075959062635
-0.6641046979218971,-0.6802320534402458
1.2873829118790707,0.900353521961005
-0.6672428585625144,-0.6482612475617255
-0.7905277408724767,-0.8229390881931151
-0.6224119922679826,-0.5770338342714105
0.980291477761528,1.260478846304409
-0.8353586071670085,-0.7003465777635111
-0.6874167483950536,-0.6837209117325875
-0.7905277408724767,-0.6558578841137734
-0.6896582917097802,-0.6629534338747628
-0.7120737248570461,-0.7778513032711281
-0.7232814414306791,-0.7121336295156389
-0.8241508905933755,-0.773506872813798
-0.7008660082834132,-0.8494310821719409
-0.4865744673955514,-0.487270707086029
1.170822659513288,1.3179059599742766
1.2828998252496175,1.5101276156826455
1.0318469740002396,0.7681380132512498
-0.8913971900351733,-0.8246053392244694
-0.6874167483950536,-0.8285686274226907
-0.7120737248570461,-0.6278016565415051
-0.6641046979218971,-0.8186396199275128
-0.6838302790914911,-0.6582284988170128
-0.8801894734615403,-0.7855044130841381
-0.6896582917097802,-0.6827820324838123
-0.7681123077252109,-0.6639210886256517
1.4129093375037596,1.4119532435486422
2.5516133413848663,2.575159398909523
-0.8353586071670085,-0.8214531898468503
-0.8129431740197426,-0.6940982569525133
0.2921376801404654,0.03588035373466791
-0.7793200242988438,-0.7399162511077725
-0.7793200242988438,-0.8004107193876387
1.3053152583968834,1.697473255130936
1.0587454937769587,1.5212176327212419
1.6554443241571764,1.2661997978410746
1.6303390390322385,1.6362501453849894
-0.8443247804259149,-0.7915878691586308
-0.7703538510399375,-0.8425398927351099
-0.7793200242988438,-0.8441319443576453
0.7171342926126267,0.4165480335685872
-0.913812623182439,-0.7710127425522799
1.4173924241332128,1.2941903575002678
-0.5775811259734508,-0.6730809532449402
-0.8017354574461096,-0.6924555090206581
-0.26376506191172844,-0.018693701729799443
-0.8689817568879074,-0.8338860410159102
-0.42067309394258967,-0.4052190265898462
-0.8017354574461096,-0.7755603662717818
-0.6224119922679826,-0.6275065037710558
-0.49688556664329364,-0.5987696529376305
-0.7008660082834132,-0.6006795537357965
1.944155103093961,1.0979335169746813
-0.4879193933843873,-0.5553959609901804
-0.7008660082834132,-0.6697521551232205
0.7359632564563299,0.681377568976812
-0.4767116768107544,-0.5995949287592205
-0.8577740403142744,-0.7940371766626807
1.4891218102044639,1.3817484738330708
-0.6224119922679826,-0.7000878235658788
-0.925020339756072,-0.7865360180191423
1.4218755107626662,1.3732314607881786
-0.6336197088416156,-0.6244809641812733
-0.9026049066088061,-0.795981434347593
0.21816675075448805,0.4623181546660745
1.4819488715973383,1.547911023330177
-0.6784505751361473,-0.6276397720211673
-0.5999965591207167,-0.742069546871344
-0.8801894734615403,-0.7809635560288986
0.9892576510204346,1.1802527011871622
-0.20100184909938404,-0.336446400417464
1.30083217176743,0.8865443871908969
-0.7335925406784214,-0.7402290718839999
1.8544933705048974,1.377146450393722
1.5003295267780967,1.4075098433724262
0.9148384129715117,0.8923003226607394
-0.555165692826185,-0.6513286841585577
-0.925020339756072,-0.8080833853611525
-0.6896582917097802,-0.5265547180537605
1.2492766755287188,1.3947930298509035
-0.4542962436634885,-0.3660409966127889
0.7763110361214086,0.6035475492645987
0.25178990047538685,-0.19576526773349878
-0.913812623182439,-0.8352434589904701
0.7704830235031194,0.8409544677788152
1.182030376086921,1.2697220495861865
1.1461656830512958,1.1584163236498008
-0.6645530065848424,-0.7489760974333042
-0.8465663237406414,-0.7140509748036112
1.148407226366022,1.2583695026241113
-0.5327502596789191,-0.6179417516784895
1.170822659513288,1.205762980519501
1.5720589128493474,1.566213906447036
-0.6641046979218971,-0.6795684411781531
1.3815277310975875,1.3886008535749772
-0.7008660082834132,-0.7436161323069015
0.6149199174610942,0.49070439608534944
1.610165149199699,1.4494863387099135
1.0363300606296928,1.0823028280205067
-0.810701630705016,-0.751258220657279
-0.7793200242988438,-0.8494895502664804
-0.6560351419888815,-0.7623976492557015
-0.7008660082834132,-0.7698104861536853
-0.7120737248570461,-0.6661542201221656
-0.7569045911515779,-0.7511973195678692
-0.925020339756072,-0.8611605627070328
1.5608511962757143,1.4088425333791654
-0.6277916962233264,-0.665251083853176
-0.5663734093998178,-0.790296398638881
-0.9026049066088061,-0.7808488145775415
-0.8353586071670085,-0.7930562037866795
-0.8913971900351733,-0.8673937308199449
1.3053152583968834,1.4973379632201524
1.6774114486414968,1.53788566155028
-0.8129431740197426,-0.6540262334317222
-0.6784505751361473,-0.8178716802537883
-0.7905277408724767,-0.8162885251256602
-0.6363095608192875,-0.582707793757433
0.9242528948933634,1.2876365850316385
-0.7793200242988438,-0.641228402005511
1.193238092660554,1.5219517804580718
-0.6224119922679826,-0.5016419362149677
-0.9474357729033379,-0.8315959673799861
1.6106134578626448,1.5185352928744602
1.5563681096462616,1.4840916752759605
1.0587454937769587,1.3530093792876479
-0.4879193933843873,-0.5082849004687852
-0.6896582917097802,-0.7107491953739945
-0.8241508905933755,-0.7528497513294663
-0.6672428585625144,-0.7014206107538348
-0.8017354574461096,-0.6840719779144259
-0.913812623182439,-0.790968553838031
1.7581070079716539,1.6136442618360827
0.991499194335161,1.4673420115567486
-0.8129431740197426,-0.8346261989199663
-0.7681123077252109,-0.745079097887985
-0.5999965591207167,-0.5821024633317048
1.5832666294229802,1.514269452185027
-0.6672428585625144,-0.5836271091348796
1.7581070079716539,1.6600496126001951
1.5734038388381835,1.472257860544875
-0.7008660082834132,-0.795259760482182
-0.6641046979218971,-0.7282078636119704
-0.7367307013190386,-0.7414562449367679
-0.7681123077252109,-0.71114061651836
1.4622232904277443,1.395331157106729
-0.4879193933843873,-0.7285618902315467
-0.6336197088416156,-0.675418469286117
-0.7277645280601321,-0.7117427060544548
-0.6641046979218971,-0.8580986017315209
1.5025710700928232,1.3222837255349076
-0.7905277408724767,-0.7892707866465224
-0.6641046979218971,-0.7983466253581353
-0.9474357729033379,-0.7849216016964367
1.0363300606296928,1.4420393588585865
-0.9474357729033379,-0.7760594460183886
-0.5663734093998178,-0.7061170933680938
-0.24583271539391582,-0.36704242213028604
-0.5215425431052861,-0.5411265643375688
1.4173924241332128,1.4923293921227379
-0.936228056329705,-0.8313379972116921
0.3638670662117163,0.23085719720801007
-0.6448274254152485,-0.7324014932718639
-0.7008660082834132,-0.6060446500820712
1.6554443241571764,1.5549826004363285
-0.8353586071670085,-0.7019706453509856
-0.8801894734615403,-0.7446467752758589
1.569817369534621,1.3074005466546568
-0.7905277408724767,-0.7983729930673528
1.0699532103505915,1.4272251313624287
-0.8913971900351733,-0.7942635353574874
-0.4767116768107544,-0.6031147199321746
-0.5892371512100291,-0.49417596862475777
-0.9026049066088061,-0.8090815515139036
-0.7905277408724767,-0.7324585534681668
0.9242528948933634,1.2603333535730996
1.170822659513288,1.2626409467295916
0.6776831302734386,0.6998796444066748
-0.4094653773689567,-0.30362909736065513
-0.936228056329705,-0.8541228103756632
1.204445809234187,1.332498136426253
1.4595334384500724,1.3860061482582011
-0.8129431740197426,-0.7547610431981702
-0.8017354574461096,-0.6932565824460603
-0.06202616358633551,0.06634555538097114
-0.353426794500792,-0.10468760548010829
-0.7681123077252109,-0.8003460746132917
-0.8465663237406414,-0.7213381203294854
-0.7905277408724767,-0.7925583270957557
-0.6784505751361473,-0.752357787842771
-0.7120737248570461,-0.6573134710270574
-0.5995482504577714,-0.5553378740275937
1.9194981266319686,1.8065582143093624
-0.7232814414306791,-0.8064520324631952
-0.6896582917097802,-0.6039093800999077
-0.7232814414306791,-0.6168070797390811
-0.555165692826185,-0.6978975948540125
-0.6560351419888815,-0.5203778349864301
-0.6448274254152485,-0.7080352289526644
-0.7569045911515779,-0.7330201158286037
1.6975853384740363,1.5158161590948271
-0.7349374666672575,-0.7245706537078614
-0.5103348265316532,-0.6573096711935206
-0.8689817568879074,-0.7435231588867884
1.5765419994788004,1.5049138137028362
-0.6493105120447017,-0.6943767249292855
-0.5775811259734508,-0.5889015229394255
-0.7905277408724767,-0.6752474364060715
-0.6448274254152485,-0.48618048614315695
-0.6784505751361473,-0.7999851744881318
-0.8801894734615403,-0.8527854264185972
1.02512234405606,1.3745408664735392
1.4622232904277443,1.4197110519485465
-0.7569045911515779,-0.6602843321219258
-0.6672428585625144,-0.7059338566761942
-0.8689817568879074,-0.9025735007805314
1.002706910908794,1.4214489445354788
-0.6022381024354433,-0.6379710746296725
1.2268612423814529,1.2860004921726131
-0.6224119922679826,-0.5921142512206614
1.3277306915441494,1.248018320636298
-0.5663734093998178,-0.6313694461987612
1.5160203299811827,1.4833785591165796
-0.734489158004312,-0.8128710841366376
1.3411799514325087,1.399392693534695
-0.555165692826185,-0.6289659408201237
1.0811609269242246,0.7762550070316605
-0.8017354574461096,-0.7668716191559394
-0.37942869695162035,-0.499124515634639
1.5025710700928232,1.4436152621836806
1.2380689589550857,1.4232792257780746
-0.734489158004312,-0.6650712721330916
1.5832666294229802,1.3355869154201552
-0.6560351419888815,-0.7099298794734337
-0.6896582917097802,-0.7269630000009155
1.4129093375037596,1.414980708559148
-0.7102804902052648,-0.775209621302992
-0.7120737248570461,-0.683192732932675
1.3272823828812041,1.3864269367991688
-0.8689817568879074,-0.6935255416021294
-0.6672428585625144,-0.7354433625440177
-0.7008660082834132,-0.6928869227270322
-0.7793200242988438,-0.632758087189013
-0.5506826061967318,-0.6273528090571232
-0.8129431740197426,-0.7921015965704917
1.372561557838681,1.3402262148026396
1.650512928864778,1.5155187389959113
1.3591122979503216,1.3594284763389488
1.3546292113208684,1.4959545882523506
-0.5999965591207167,-0.5323060477425
1.002706910908794,1.2623934101260474
1.4218755107626662,1.3493438665713129
0.7673448628625021,0.6222488852232998
-0.6022381024354433,-0.7840040733105491
-0.745696874577945,-0.6719223675778845
-0.6112042756943497,-0.8470256769229613
-0.7008660082834132,-0.7410671235285028
1.610165149199699,1.5711585669481034
-0.7008660082834132,-0.8291414377666875
1.4510155738541115,1.3575885960605918
-0.6560351419888815,-0.7271663704431638
1.3411799514325087,1.2574459121152275
-0.913812623182439,-0.8037526396399889
-0.8689817568879074,-0.7939874333576621
1.4622232904277443,1.2826305002047864
-0.8017354574461096,-0.6740586666655815
-0.7681123077252109,-0.7539794770572337
-0.7793200242988438,-0.6639459083844248
-0.6641046979218971,-0.7504656057531748
-0.8465663237406414,-0.7701401632040219
-0.8129431740197426,-0.786884283699913
-0.8913971900351733,-0.8424761987435638
-0.8353586071670085,-0.8800066838952133
-0.6784505751361473,-0.6865429031313071
-0.734489158004312,-0.6984970638299765
1.6011989759407932,1.576600148703365
-0.6874167483950536,-0.7304208658048812
-0.8689817568879074,-0.8042891935022327
-0.6641046979218971,-0.6879672461993483
-0.8913971900351733,-0.7397487321448369
1.5160203299811827,1.204943975123799
-0.8353586071670085,-0.8086718017653851
-0.7681123077252109,-0.7956142303349076
1.3860108177270405,1.3713472600376155
-0.745696874577945,-0.852999316011587
1.273933651990711,1.1766444432935783
-0.9026049066088061,-0.7684014085900703
-0.7681123077252109,-0.7910394819650222
-0.5215425431052861,-0.5618887584122065
1.4734310070013774,1.246601550099875
-0.6672428585625144,-0.8192130902563934
1.8881165202257961,2.3148896728433597
-0.7905277408724767,-0.6279155468865997
1.5339526764989957,1.5126775225065374
0.7310318611639314,0.5823718649981808
-0.8241508905933755,-0.7745464102210856
-0.7793200242988438,-0.6659114487743338
0.6664754136998057,0.4805158318927804
-0.7793200242988438,-0.6757291449601855
1.4846387235750103,1.578380985347557
-0.8017354574461096,-0.8977648315913903
-0.8017354574461096,-0.7960482702627578
-0.8801894734615403,-0.8102835402293996
-0.745696874577945,-0.7595879589551784
-0.6641046979218971,-0.8664981924210422
1.6011989759407932,1.5150675084143255
-0.7569045911515779,-0.7224374535685094
-0.7008660082834132,-0.6333918759600166
-0.7905277408724767,-0.7906507731093395
-0.7905277408724767,-0.688230015333713
-0.6560351419888815,-0.6484131963736594
-0.7008660082834132,-0.6072983859576963
-0.8017354574461096,-0.8621925840138064
1.0363300606296928,0.7652026118043548
-0.8353586071670085,-0.7907107087828806
-0.8913971900351733,-0.8236835580858471
-0.8689817568879074,-0.7487500983174039
0.8345911623042999,0.6123781158161661
-0.8017354574461096,-0.7651723906833862
-0.6672428585625144,-0.7886043894476171
1.4398078572804784,1.1431139523337668
-0.5654767920739273,-0.5155270749937599
-0.8017354574461096,-0.7691415553912566
-0.745696874577945,-0.7302041347737931
1.0475377772033256,1.2398295059343507
1.725828784239591,1.5934829315871275
-0.6448274254152485,-0.7117604273471259
-0.5475444455561146,-0.590060311802233
-0.8913971900351733,-0.7445560755896882
-0.925020339756072,-0.845263286125042
-0.8689817568879074,-0.8456770293963246
-0.7681123077252109,-0.6834433201128706
-0.7120737248570461,-0.7984024800265367
1.7446577480832943,1.7141458286695501
-0.5775811259734508,-0.6698295733437957
-0.8689817568879074,-0.8344878466956911
-0.734489158004312,-0.7559615093654296
-0.925020339756072,-0.8946584539332209
-0.8241508905933755,-0.8366856338274398
-0.9026049066088061,-0.7552123427749676
1.372561557838681,1.4226153729848108
-0.5999965591207167,-0.647536455090771
-0.4542962436634885,-0.5601016960516837
-0.08802806603716386,-0.16128813685986776
-0.5215425431052861,-0.575243957513421
-0.9026049066088061,-0.8500227209848666
-0.543957976252552,-0.6689051516033172
-0.8465663237406414,-0.7652043203505473
-0.8353586071670085,-0.6886432133449267
1.5070541567222762,1.566291830131311
0.8345911623042999,1.261412473739859
-0.7232814414306791,-0.7690036525532865
1.5025710700928232,1.4088353775307783
1.4891218102044639,1.3579363591876086
-0.6641046979218971,-0.7197111254344084
1.2672090220465313,1.1779163691529728
-0.745696874577945,-0.7335810987187215
-0.8465663237406414,-0.7566965576219278
1.0699532103505915,1.1810834452211723
-0.6896582917097802,-0.8723561024661599
1.8791503469668898,1.8233050087185116
-0.936228056329705,-0.8196547522504649
-0.8353586071670085,-0.773507424666995
-0.543957976252552,-0.7610212400706153
1.2470351322139923,1.2557747781678708
1.547401936387355,1.3958575018294477
-0.17410332932266492,-0.19660851764874965
-0.745696874577945,-0.8178965077356467
-0.5775811259734508,-0.7225546469722611
1.4936048968339168,1.5026811233511776
-0.8129431740197426,-0.7840531705723709
-0.5103348265316532,-0.5215018169528943
1.4936048968339168,1.48670694298699
1.529469589869542,1.5220837299828747
-0.8465663237406414,-0.73891548656868
1.3658369278945013,1.3851696918246528
-0.8577740403142744,-0.7816936524098956
0.17333588445995626,0.027217701458617828
-0.7232814414306791,-0.6115781349021112
-0.8465663237406414,-0.7395165530027484
-0.734489158004312,-0.7324826871863956
-0.734489158004312,-0.76307932063786
-0.8465663237406414,-0.8031175289009856
-0.936228056329705,-0.8055489591834578
1.2627259354170781,1.3453144623380913
-0.6224119922679826,-0.7109654083307544
-0.6874167483950536,-0.579969272052836
-0.5228874690941221,-0.5946808186206863
-0.46550396023712143,-0.3725525284673828
-0.6954863043280695,-0.5687782375593733
0.8973543751166443,0.7755300563260674
1.3680784712092278,1.3632281668988635
-0.734489158004312,-0.7410123529881505
1.529469589869542,1.5047097870589061
-0.8129431740197426,-0.9018006566610598
1.3411799514325087,1.3279962347558298
-0.6896582917097802,-0.598490213233254
1.4398078572804784,1.4290230129830044
-0.5887888425470837,-0.7677247795757339
0.7225139965679704,0.5306006637563369
-0.8017354574461096,-0.7586581453553354
-0.7120737248570461,-0.7943363442411294
-0.8241508905933755,-0.8543902578922485
1.3913905216823845,1.4526807409959819
1.0390199126073647,0.7404708180913215
-0.6641046979218971,-0.8208449590775319
-0.8465663237406414,-0.7602847138644024
1.4398078572804784,1.3880393745450104
1.6639621887531373,1.6488256511176342
1.5205034166106355,1.4036107011836918
1.628097495717512,1.59677490633606
-0.8465663237406414,-0.7904212914656109
-0.5887888425470837,-0.6789982086317207
-0.730006071374859,-0.7998251154292696
-0.5887888425470837,-0.6896169037934684
-0.7681123077252109,-0.7308616486739876
-0.745696874577945,-0.8204265546141952
-0.6179289056385294,-0.7451133934790699
-0.913812623182439,-0.7669254450412575
1.5716106041864017,1.364778313964011
-0.8465663237406414,-0.7724885657883567
-0.9474357729033379,-0.8194434832949049
-0.5999965591207167,-0.7326583379882806
1.453257117168838,1.3473740390335374
-0.7102804902052648,-0.6999495753112632
1.2492766755287188,0.23907145996126652
1.610165149199699,1.4867236494897713
1.3895972870306033,1.2336588309498102
-0.7232814414306791,-0.7706539788834466
1.0699532103505915,1.3781288127796418
-0.7905277408724767,-0.658918816554208
-0.5663734093998178,-0.7042472012182562
-0.6448274254152485,-0.6403574341888287
-0.8353586071670085,-0.8344560355680836
-0.8801894734615403,-0.8499085876702225
-0.7905277408724767,-0.7781833182832527
-0.6641046979218971,-0.7159703024970008
-0.913812623182439,-0.8289742217451126
-0.6336197088416156,-0.6066631480012279
-0.7120737248570461,-0.73072598444481
-0.7232814414306791,-0.7478282948789989
-0.7681123077252109,-0.840327189590156
-0.7008660082834132,-0.6796571183216583
-0.7681123077252109,-0.7480215366197073
-0.9474357729033379,-0.8415458377313674
0.9735668478173484,0.7367560458477576
-0.7838031109282969,-0.7278128696478446
1.0139146274824269,1.1462154767046744
-0.6062728804019512,-0.7449712558851449
-0.4879193933843873,-0.6403747019113815
-0.6641046979218971,-0.6805249599174659
-0.8241508905933755,-0.7410850414133131
-0.4117069206836833,-0.4286565693892168
-0.8353586071670085,-0.8602130867591378
-0.4542962436634885,-0.5949497924913153
-0.7972523708166566,-0.7684985234941542
1.9194981266319686,1.487629275004211
-0.6560351419888815,-0.7286025153258547
-0.26376506191172844,-0.13491896567616654
1.2627259354170781,1.1896410594510705
-0.6336197088416156,-0.7042170749883145
-0.8913971900351733,-0.7796496274721593
-0.6560351419888815,-0.583747158252437
-0.42067309394258967,-0.49368353465241877
-0.6896582917097802,-0.8200611067869343
-0.7569045911515779,-0.7264033735164004
-0.7335925406784214,-0.6528940029163688
1.4312899926845177,1.220575758443846
1.3860108177270405,1.3328544174837398
1.448774030539385,1.404119912676128
-0.7569045911515779,-0.6235891901406924
-0.8129431740197426,-0.7428321065578798
-0.30859592820626025,-0.3382139751974772
-0.5663734093998178,-0.739205490278099
-0.6672428585625144,-0.7092476611890498
-0.6641046979218971,-0.6395694008317029
1.651857854853614,1.3307756999917268
-0.7905277408724767,-0.7863906917194419
1.3402833341066183,1.3871332165262924
-0.6448274254152485,-0.49063472311622824
0.9466683280406293,0.9870026685321577
-0.734489158004312,-0.764752189595697
1.475672550316104,1.42507340739482
1.5429188497579014,1.531028987228394
-0.6641046979218971,-0.7364731899704149
-0.7232814414306791,-0.5692993580287146
1.1125425333303969,0.8445848649951496
1.3366968648030557,1.190636794099124
-0.6784505751361473,-0.5641047582582465
-0.6641046979218971,-0.7823591970501137
-0.8577740403142744,-0.8554908362296824
0.8973543751166443,0.7182368897934354
-0.7232814414306791,-0.6524262128208488
-0.8353586071670085,-0.7296419631264311
-0.6336197088416156,-0.7233946166026064
-0.3121823975098227,-0.5171371803350364
-0.7793200242988438,-0.8003756216757257
1.4084262508743064,1.3760866070649727
-0.3399775346124324,-0.3300278660959603
-0.8250475079192662,-0.7311096694342107
0.6664754136998057,0.4543570089526785
-0.6641046979218971,-0.7078029408629563
-0.6112042756943497,-0.4610642878826501
-0.7905277408724767,-0.7894195973228297
1.2828998252496175,1.4185800733763405
-0.7793200242988438,-0.8219358783648271
-0.7569045911515779,-0.8020896436542129
0.8345911623042999,1.2493624419256015
1.5967158893113398,1.442120056458472
-0.9698512060506038,-0.8752569809096272
-0.5327502596789191,-0.5557177263203466
1.5994057412890117,1.4272948860462498
1.0340885173149663,1.3707125438850367
-0.734489158004312,-0.6804217536247134
-0.6641046979218971,-0.80896723823273
-0.6896582917097802,-0.7429434441027088
1.3277306915441494,1.3504078162785293
-0.6641046979218971,-0.7971899527487767
-0.6448274254152485,-0.6706698949918364
-0.8353586071670085,-0.7965274439297226
2.6166180975119375,2.991727463744788
-0.8241508905933755,-0.8042756874214374
-0.7793200242988438,-0.6570096948009602
-0.7681123077252109,-0.6709740412447055
-0.6448274254152485,-0.7873192385862107
-0.7232814414306791,-0.7679879803136697
1.515572021318237,1.3590826088261323
-0.8017354574461096,-0.6756083773497245
-0.7793200242988438,-0.7386411636053399
-0.8689817568879074,-0.8850389323084453
0.8704558553399251,0.5514185531639988
-0.6896582917097802,-0.632554155818249
1.8432856539312645,1.8098145274989987
-0.6641046979218971,-0.5755860284546876
0.7359632564563299,0.7154890140675612
1.448774030539385,1.4378724800297948
1.3949769909859469,1.1778736892208073
1.3210060615999695,1.3070781425938267
1.6863776219004032,1.7181810009499787
-0.8913971900351733,-0.7989972827210023
-0.21176125701007162,-0.21837876047774912
-0.34221907792715905,-0.2462790515881411
-0.6981761563057413,-0.7525003051359505
1.529469589869542,1.3746197067822945
-0.8801894734615403,-0.7486255032597953
-0.5417164329378253,-0.6490900659077578
-0.7905277408724767,-0.7904750035340002
1.5205034166106355,1.499455352140213
1.2111704391783666,1.287484281571201
-0.7232814414306791,-0.7744261123962471
-0.7232814414306791,-0.7741368307868329
-0.6784505751361473,-0.7366429563794731
-0.8129431740197426,-0.7154889039186577
-0.7681123077252109,-0.7653229560317587
-0.5950651638283182,-0.593145941347302
-0.925020339756072,-0.7537841336239468
0.7000985634207045,1.1125961205966255
1.361353841265048,0.8791029278603845
-0.7335925406784214,-0.7892545943922937
-0.687865057057999,-0.6809301834880346
1.273933651990711,1.2170527233737687
-0.9026049066088061,-0.8005852301402093
-0.7569045911515779,-0.5710199505125544
0.7000985634207045,0.9783203610275416
-0.7905277408724767,-0.8385364672281371
0.800968012583401,0.9251734493024666
1.2873829118790707,1.1853298027980592
1.1954796359752804,1.286192493285902
-0.6560351419888815,-0.5932633042977039
-0.936228056329705,-0.8163701467505006
-0.5327502596789191,-0.798178111046549
1.4846387235750103,1.432759423482487
-0.8577740403142744,-0.7680827467296639
-0.6784505751361473,-0.7256871998933583
-0.4457783790675275,-0.5159976391692976
0.8166588157864872,0.5720646756530704
1.2371723416291949,1.2363532435213702
-0.8577740403142744,-0.8175493841702512
-0.7232814414306791,-0.7555717932721264
-0.8577740403142744,-0.774447267680323
-0.936228056329705,-0.9015984737830031
-0.8801894734615403,-0.8294118385497781
0.7763110361214086,0.6356746547818335
1.5465053190614646,1.6186680318378073
1.361353841265048,1.3416384287797705
-0.5215425431052861,-0.6141050856607897
-0.2816974084295411,-0.33532777985709467
-0.6896582917097802,-0.689985237795029
-0.5887888425470837,-0.7629346942838279
-0.5775811259734508,-0.5892109891373813
-0.745696874577945,-0.6907481322875347
1.4891218102044639,1.4598086042829137
-0.8689817568879074,-0.8440512258890518
-0.7681123077252109,-0.6992114149759061
0.991499194335161,1.3506062573607964
0.05005100214999391,0.19977447396600564
-0.5215425431052861,-0.48247416579486085
-0.925020339756072,-0.8025999438347964
-0.6672428585625144,-0.7559083411483051
0.9578760446142622,1.2434609583993748
-0.6336197088416156,-0.6029492664047379
0.8839051152282849,0.7905012040267901
-0.8241508905933755,-0.7883806859586474
1.182030376086921,1.4829475360127877
-0.7681123077252109,-0.6795966119926871
0.9578760446142622,1.2835551858277834
-0.6735191798437489,-0.7203308616654052
-0.543957976252552,-0.5375663150264182
0.9690837611878952,1.346901862376123
-0.925020339756072,-0.7681181372330718
-0.6224119922679826,-0.588659624704299
-0.5753395826587242,-0.5489746279597437
1.5855081727377067,1.426194319303842
-0.8241508905933755,-0.7907697140192429
-0.8241508905933755,-0.7440688633767512
1.5994057412890117,1.440592412505958
-0.745696874577945,-0.7389375893123755
1.01839771411188,0.7092281273986939
-0.8129431740197426,-0.779167244260632
-0.7681123077252109,-0.6254496793597986
0.43111336565351394,0.612158862234072
0.991499194335161,1.3423244907716576
-0.5999965591207167,-0.7209710825709101
0.8233834457306669,0.5824202836946327
3.053719043883622,2.898237026610352
-0.8801894734615403,-0.7828902277504765
1.4936048968339168,1.4969127205555612
1.4138059548296504,1.3806414444830677
-0.6896582917097802,-0.7633873701815618
-0.8353586071670085,-0.7695426858959173
-0.39018810486230804,-0.47734235042962325
1.372561557838681,1.4535911427332726
1.2873829118790707,1.4924805648617931
1.4034948555819078,1.1996560807195882
-0.8241508905933755,-0.8029359376231022
-0.5999965591207167,-0.712963709336455
-0.6641046979218971,-0.6187185098890353
-0.7905277408724767,-0.7340384509408895
1.2371723416291949,1.1916074019414258
1.557264726972152,1.3578742334414209
-0.6407926474487406,-0.6833119090167914
1.2887278378679068,1.3521232529269565
1.3456630380619619,1.2581294721401164
-0.8801894734615403,-0.7626007080293232
-0.16020576077136015,-0.4340696092726769
1.6594791021236845,1.4280746647247302
1.466706377057198,1.4006861662519683
-0.46550396023712143,-0.6020344717431406
1.4622232904277443,1.5544454702083619
-0.7793200242988438,-0.7919653852658733
1.4846387235750103,1.4002592560131275
-0.925020339756072,-0.8582515667547687
-0.6672428585625144,-0.5907419308048127
-0.555165692826185,-0.6015633173432926
-0.6336197088416156,-0.6593675805858777
-0.8241508905933755,-0.8278859350120388
1.448774030539385,1.4537763712821756
-0.6448274254152485,-0.6571675191457578
-0.734489158004312,-0.5726437893094988
-0.6784505751361473,-0.6220301308841921
-0.5103348265316532,-0.6177284909168002
-0.5215425431052861,-0.5612642036782542
-0.7008660082834132,-0.7163300179350935
-0.6645530065848424,-0.7743746132926942
-0.46550396023712143,-0.5663074378633175
-0.6784505751361473,-0.6822499820198431
-0.734489158004312,-0.7348953873916728
0.1285050181654245,0.3021643352237315
-0.6896582917097802,-0.7087081924929459
-0.4094653773689567,-0.6935771205050427
-0.7102804902052648,-0.7248212451382348
-0.8017354574461096,-0.8201944938787696
-0.6448274254152485,-0.6281598807066968
-0.9474357729033379,-0.8937634458342903
-0.8129431740197426,-0.6774871873437648
-0.6896582917097802,-0.7138520846904061
-0.745696874577945,-0.7481224936685669
-0.8577740403142744,-0.7439858455066826
1.1259917932187564,1.5324703399486608
-0.7232814414306791,-0.7002479972470952
-0.8129431740197426,-0.7350774157721707
1.2134119824930933,1.2139017296008
-0.7232814414306791,-0.7627145325416896
1.2268612423814529,1.2433867366230684
-0.734489158004312,-0.7597379842849266
-0.4879193933843873,-0.4344862428348384
-0.7120737248570461,-0.7660533098075609
-0.9474357729033379,-0.8567535726866045
-0.8465663237406414,-0.6879015905933831
-0.8913971900351733,-0.787653003532665
-0.8689817568879074,-0.806178835624586
0.9130451783197304,1.3788102350100016
0.9466683280406293,1.2266898970634899
-0.6336197088416156,-0.6608603088724481
-0.555165692826185,-0.6309181703085125
0.9690837611878952,0.7750618546990447
1.3994600776154003,1.3605001804387846
-0.7793200242988438,-0.694711342131622
1.475672550316104,1.4136924406511875
-0.7681123077252109,-0.736502300163454
1.448774030539385,1.36363262837806
1.3949769909859469,1.3300580019246757
2.123478568272088,2.383345900920245
-0.5798226692881775,-0.7239874001525691
-0.734489158004312,-0.6811968287742167
1.5160203299811827,1.4596539733544602
-0.8465663237406414,-0.7529226694075327
0.6328522639789069,0.7523135657602218
-0.7232814414306791,-0.764502437315764
-0.925020339756072,-0.8770826248835266
-0.8465663237406414,-0.7616639489996616
-0.6448274254152485,-0.6740504976425599
-0.6112042756943497,-0.6291182490324552
-0.6354129434933967,-0.604177492604897
1.2627259354170781,1.1961219427473582
-0.7681123077252109,-0.7035819251008237
-0.5775811259734508,-0.5300065115566918
-0.7335925406784214,-0.7182691443639415
-0.7905277408724767,-0.7569870058272248
-0.7569045911515779,-0.7596268531476853
0.716237675286736,0.849892074015437
1.5967158893113398,1.4952061354271038
1.30083217176743,1.2257921451857139
-0.745696874577945,-0.6636313009444529
-0.5730980393439977,-0.4743804539625463
-0.6336197088416156,-0.546568342112076
-0.9026049066088061,-0.8354603448162086
-0.8129431740197426,-0.7100173253593068
1.448774030539385,1.4103344591778877
-0.8142881000085787,-0.8238100718818946
-0.4094653773689567,-0.3813893251160652
0.16212816788632334,0.44348523732596146
-0.6896582917097802,-0.7886738313953036
-0.6641046979218971,-0.7668249040200832
-0.8689817568879074,-0.7992674455062266
-0.5775811259734508,-0.703574590984755
1.5160203299811827,1.4148107446256766
-0.8129431740197426,-0.6576747310598756
-0.34221907792715905,-0.16694139695865845
-0.8263924339081021,-0.8271516353697469
0.991499194335161,0.834904050445676
-0.734489158004312,-0.6972800849268871
-0.8129431740197426,-0.7576600963374023
-0.745696874577945,-0.7585662920821001
0.9466683280406293,1.342759339786583
-0.7120737248570461,-0.5595762044655402
-0.8017354574461096,-0.7336488426398599
-0.8241508905933755,-0.7277733095850407
-0.7793200242988438,-0.8135101561814756
-0.8801894734615403,-0.7565264182555251
1.6774114486414968,1.5141901688441821
0.8480404221926593,0.6602645413159844
-0.5999965591207167,-0.7515869366569563
0.16930110649344843,0.286592615056394
-0.734489158004312,-0.6648648975444341
-0.6896582917097802,-0.6217127326690076
1.475672550316104,1.3239483331275925
1.3142814316557898,1.318889624120684
-0.19203567584047757,-0.43217644728764243
1.0699532103505915,1.4112562337244376
-0.5215425431052861,-0.5414031048396011
0.9690837611878952,1.4224633253648027
1.7850055277483732,1.721349085846126
-0.9026049066088061,-0.7141396899098287
1.3299722348588758,1.680836767379631
-0.8017354574461096,-0.7533035492823263
-0.8465663237406414,-0.818880419991853
-0.8801894734615403,-0.8354291342136652
-0.8241508905933755,-0.5414525454537731
-0.9586434894769709,-0.7927955088910892
-0.7905277408724767,-0.8224305163595261
-0.8129431740197426,-0.8554738066407825
0.8839051152282849,0.7043429606181327
-0.7008660082834132,-0.6504771673304618
-0.8689817568879074,-0.8328077773325279
-0.8913971900351733,-0.8623919342180404
-0.7569045911515779,-0.6345974462272026
-0.6645530065848424,-0.6950578354825311
-0.46550396023712143,-0.4300106224445105
-0.8577740403142744,-0.7690853662293183
-0.734489158004312,-0.7377668187762317
-0.7905277408724767,-0.6847182951711173
1.5075024653852218,1.492647373838536
1.0923686434978574,1.3286292994344153
-0.6560351419888815,-0.6880695534747451
-0.745696874577945,-0.7284092627021973
0.17333588445995626,-0.7029934897432651
1.557264726972152,1.246095979431908
1.372561557838681,1.3724118324985213
1.148407226366022,1.4158300652334699
1.628097495717512,1.4942566717961259
-0.6645530065848424,-0.779503728164319
-0.6112042756943497,-0.7821725230457796
1.3272823828812041,1.417866543764262
1.3411799514325087,1.2719561925435467
-0.6448274254152485,-0.5453423323672782
-0.6582766853036081,-0.8147001253710656
1.4129093375037596,1.4232726497052544
-0.6874167483950536,-0.7960489575037738
-0.6896582917097802,-0.7146978220201922
-0.5004720359468562,-0.45206063480757613
-0.8241508905933755,-0.8722066767778304
-0.5663734093998178,-0.7130926545856442
-0.745696874577945,-0.7381569876660946
-0.7681123077252109,-0.7546076096646531
-0.7232814414306791,-0.7294010168209938
-0.6112042756943497,-0.6512611512438781
-0.734489158004312,-0.7309374623383847
1.4263585973921193,1.4051988275808338
-0.7905277408724767,-0.6248813082173948
0.027635569002728025,0.2822013819017213
1.1685811161985615,1.3620069498913736
-0.8465663237406414,-0.8111251207060526
1.3994600776154003,1.3520999484773457
1.4398078572804784,1.3403692456030858
-0.3310113613535261,-0.20522127160865875
0.4445626255418733,0.28725998123617835
-0.6672428585625144,-0.6849105012508762
-0.46550396023712143,-0.3532716681744577
1.3591122979503216,1.2256748956936228
1.1371995097923893,1.4618474101264645
1.0587454937769587,1.318320312519408
-0.7569045911515779,-0.7635862577399082
-0.8465663237406414,-0.7111856508360371
-0.7793200242988438,-0.7639869966037189
0.9152867216344569,0.6431167628559735
1.6276491870545666,1.4240190770661263
-0.6641046979218971,-0.812327311003434
-0.7793200242988438,-0.6513717377029925
-0.6448274254152485,-0.5776234340410156
-0.3695659063668234,-0.3484383459000421
1.6191313224586057,1.5369612574125735
-0.7120737248570461,-0.7844768397175076
-0.5663734093998178,-0.6486497115389475
1.5832666294229802,1.5384703589526365
-0.7793200242988438,-0.8031051860193873
-0.6448274254152485,-0.7164533121304526
-0.6784505751361473,-0.6498789259084077
-0.8801894734615403,-0.7954306331574186
-0.7008660082834132,-0.6576547496421786
1.4622232904277443,1.5857507916002205
-0.8241508905933755,-0.7789851417965692
0.9152867216344569,0.6695960114346651
-0.7232814414306791,-0.7807364716766911
-0.543957976252552,-0.5674083283056975
-0.7008660082834132,-0.7497748645427534
-0.8801894734615403,-0.8335313297908855
-0.7367307013190386,-0.8580573401677611
-0.8241508905933755,-0.7420041507713059
1.623614409088059,1.5444334156193567
-0.555165692826185,-0.5974100707801938
-0.8689817568879074,-0.8107444613123261
-0.6448274254152485,-0.5565212121614425
-0.734489158004312,-0.7165046008499117
-0.5506826061967318,-0.5828733491090914
-0.6219636836050373,-0.46362867513445943
1.3860108177270405,1.3896947416043806
1.632580582346965,1.561266105394102
1.6693418927084813,1.460742802737165
-0.5215425431052861,-0.45676631652573346
-0.6224119922679826,-0.7005622506176827
-0.6641046979218971,-0.5347941702891078
-0.565028483410982,-0.6120416071754214
-0.36463451107442496,-0.29772298488271975
-0.7793200242988438,-0.6807406521392874
-0.9586434894769709,-0.7881983032549604
1.569817369534621,1.5340071958001396
1.0699532103505915,1.5428658494380714
-0.8353586071670085,-0.8792994032640561
0.991499194335161,0.7953058187153718
-0.925020339756072,-0.8588522491535578
1.6594791021236845,1.5450704908652384
1.4913633535191904,1.3769042240239053
-0.6641046979218971,-0.7953502651089854
-0.925020339756072,-0.8512844648682958
-0.5349918029936457,-0.6769820818704427
-0.7569045911515779,-0.711816069422801
-0.7793200242988438,-0.7563565188746845
-0.7793200242988438,-0.6302507162487431
-0.6918998350245069,-0.7397402468108477
-0.6896582917097802,-0.671502175161647
-0.8129431740197426,-0.7889400701285116
-0.7793200242988438,-0.7536246473883663
-0.669484401877241,-0.7733017099075611
-0.5887888425470837,-0.5498628209007472
-0.34221907792715905,-0.5285275921383515
1.623614409088059,1.4521959464496685
-0.8129431740197426,-0.7354641891157434
1.4129093375037596,1.3217963560765262
-0.30859592820626025,-0.8321610835973704
-0.23014191219082963,-0.2719163841062116
-0.45115808302287125,-0.3535991106641574
-0.6560351419888815,-0.6906659948508648
1.6554443241571764,1.4705609704833038
-0.5372333463083723,-0.5795655653646906
1.7760393544894668,1.5408228292573103
1.3913905216823845,1.4262869268393714
-0.8353586071670085,-0.8609486936625766
-0.6560351419888815,-0.539329873076438
-0.6672428585625144,-0.5885887985372222
1.5205034166106355,1.6068878993693732
-0.7102804902052648,-0.8227069136448026
-0.6448274254152485,-0.5881627435221001
-0.5887888425470837,-0.6548617946060861
1.529469589869542,1.4185959434591797
-0.8465663237406414,-0.7583858201785513
-0.8129431740197426,-0.7191826702332343
-0.913812623182439,-0.8459086634683849
1.1035763600714905,0.7520970491460715
-0.8689817568879074,-0.8459069132284427
-0.42067309394258967,-0.5000975733081581
-0.4094653773689567,-0.4442470291909547
-0.5461995195672786,-0.7212965597450189
-0.631378165526889,-0.6572151128867416
-0.6224119922679826,-0.6985773582328798
-0.7905277408724767,-0.7913501936060681
-0.7569045911515779,-0.632611384496315
1.4218755107626662,1.3144313698258066
-0.8353586071670085,-0.8653583187890151
1.623614409088059,1.4678662167364225
0.6440599805525399,1.0077953950329157
1.1282333365334827,0.7091081495356342
-0.8913971900351733,-0.7749827480680355
-0.43188081051622257,-0.6461598947258819
-0.6896582917097802,-0.7864984328461614
-0.7793200242988438,-0.7335530838557143
-0.7008660082834132,-0.8215238913724868
1.443394326584041,1.4725441586049317
1.2380689589550857,1.2973768299928852
-0.7681123077252109,-0.7537111953900402
1.2210332297631636,1.1727839007650762
-0.7793200242988438,-0.7047235609835748
-0.7232814414306791,-0.687329442714596
1.2873829118790707,1.2493826907726522
1.7675214898935059,1.42765484659457
1.3895972870306033,1.2241248968887706
-0.8465663237406414,-0.7296526982211378
-0.8689817568879074,-0.7921907512739585
-0.5887888425470837,-0.46303375996974844
-0.6336197088416156,-0.6011327384292472
-0.7793200242988438,-0.6528390460941981
0.9354606114669963,1.3260904441080745
-0.680692118450874,-0.6893857850320038
-0.8241508905933755,-0.8088199842685457
-0.8801894734615403,-0.8502409193091814
-0.543957976252552,-0.6275162645687349
-0.925020339756072,-0.8384404360497784
-0.8017354574461096,-0.774893448827719
1.002706910908794,1.3074652322317701
-0.6645530065848424,-0.6741129062144717
1.5160203299811827,1.5245082019644474
1.2492766755287188,1.4166402645977416
-0.6672428585625144,-0.6849321030167392
-0.745696874577945,-0.6930387497600043
-0.8689817568879074,-0.8397884036323264
-0.7569045911515779,-0.6871618877264992
-0.8017354574461096,-0.796737472701878
0.7673448628625021,0.46259822003805745
1.2882795292049611,1.4235378296636392
4.813330545943994,5.002350177094255
-0.8689817568879074,-0.7540727977095195
0.8986993011054802,1.2076075885906912
1.3142814316557898,1.163345412133889
-0.925020339756072,-0.7849796298063904
-0.6641046979218971,-0.6211057882310731
-0.7820098762765156,-0.8366807358049089
1.4043914729077986,1.4349046571633661
-0.5999965591207167,-0.634503884826064
-0.7008660082834132,-0.7401321504878968
-0.936228056329705,-0.8298798816316659
-0.5327502596789191,-0.4888936993216251
1.4936048968339168,1.4716608457368168
-0.6112042756943497,-0.6798617056531869
1.6191313224586057,1.5955962110248494
1.3546292113208684,1.3167378681981239
-0.8801894734615403,-0.8209396605374641
-0.7569045911515779,-0.7565998406944945
-0.8017354574461096,-0.696845471501808
-0.5327502596789191,-0.630175093228534
1.4801556369455573,1.427801001845087
1.3142814316557898,1.301461611400912
0.9108036350050039,0.7290124468447327
-0.6224119922679826,-0.597283087474343
-0.8465663237406414,-0.7783982767468487
0.06350026203835347,-0.05802395799057818
-0.7569045911515779,-0.7685803533569404
-0.925020339756072,-0.882693529276566
-0.8017354574461096,-0.8031498370636118
-0.7102804902052648,-0.7247030576164647
-0.7008660082834132,-0.7539471205825925
-0.6578283766406626,-0.6451959475450775
1.0699532103505915,1.4094529159109161
-0.8465663237406414,-0.789430033154806
-0.8689817568879074,-0.8365300042998202
-0.6224119922679826,-0.7507356107636
-0.8241508905933755,-0.7458597736736666
-0.6641046979218971,-0.6290117219897791
-0.7102804902052648,-0.8040730921902733
-0.8465663237406414,-0.7549486946193198
1.3142814316557898,1.212951034205411
-0.7569045911515779,-0.8457534349325718
1.372561557838681,1.3839563378070594
1.3788378791199156,1.5332716324617972
-0.8577740403142744,-0.7680746247654839
-0.7681123077252109,-0.8562730084853453
-0.5775811259734508,-0.6876974366309996
-0.6645530065848424,-0.6930342442402889
-0.543957976252552,-0.5914692989315221
2.0199192671317197,1.8410701511358962
-0.8689817568879074,-0.7632600360417011
-0.8577740403142744,-0.7740373915969684
-0.718798354801226,-0.647733609985238
-0.4879193933843873,-0.570120309556261
1.529469589869542,1.4274769621064594
-0.31980364477989315,-0.35300164759670166
-0.7905277408724767,-0.7599532944610233
-0.15168789617539905,-0.34825327559027436
-0.7793200242988438,-0.8512587473030956
1.0228808007413335,1.416812207901111
-0.5574072361409116,-0.6586350419850763
-0.7905277408724767,-0.8181254817631753
-0.8577740403142744,-0.892071204234751
-0.913812623182439,-0.8499197587884368
1.3053152583968834,1.312025116892506
-0.5999965591207167,-0.5925068082450174
-0.6224119922679826,-0.6210783764120534
2.901294098482214,2.5048107613092316
1.8038344915920768,1.483081250500754
-0.6672428585625144,-0.6916781944321535
1.5339526764989957,1.4328058965657022
2.470917782054709,2.922649574977175
-0.7232814414306791,-0.7076054922885342
-0.6645530065848424,-0.8550535528007026
-0.009574050021733265,-0.28958637522906566
-0.7008660082834132,-0.6899931204163676
-0.6896582917097802,-0.7381338267894269
1.1596149429396552,1.3393035785344758
-0.913812623182439,-0.788845399142759
-0.8577740403142744,-0.8215359374577299
1.7020684251034897,1.4522877068013913
-0.925020339756072,-0.8196547345232906
-0.16513715606375862,-0.022397494802248764
-0.3220451880946198,-0.37287825969679894
-0.8913971900351733,-0.7681358783188913
-0.40363736475066764,-0.42741470321296227
-0.7107287988682102,-0.6703097491706409
-0.6645530065848424,-0.864881121784365
1.170822659513288,1.4296221547851102
-0.925020339756072,-0.7550681217177709
-0.5233357777570674,-0.46177198049179263
-0.543957976252552,-0.5859341647064437
-0.7569045911515779,-0.7282195771344302
-0.8241508905933755,-0.7777993481947495
-0.6784505751361473,-0.7878812593158567
1.1147840766451234,1.2886777653112675
-0.6560351419888815,-0.7175089551330345
-0.7793200242988438,-0.749203616777151
-0.6641046979218971,-0.867954667617474
-0.6336197088416156,-0.776861398642123
-0.8017354574461096,-0.8024629846521281
-0.734489158004312,-0.7189320772607566
-0.5663734093998178,-0.6152650046265508
-0.6165839796496935,-0.5420934435684042
-0.6641046979218971,-0.7444050357585028
-0.913812623182439,-0.7752429543457248
1.4263585973921193,1.3572636256931048
0.1285050181654245,0.31245410143441493
-0.7793200242988438,-0.6459079748048292
-0.6645530065848424,-0.7614111409782923
1.3913905216823845,1.325717338441166
-0.8129431740197426,-0.7870183855872636
-0.5910303858618104,-0.6231540025855969
1.9194981266319686,1.8723599592354885
-0.9474357729033379,-0.77915816195459
1.2470351322139923,1.2852754458807403
1.1371995097923893,1.5144836889965816
-0.7681123077252109,-0.6237876555946469
-0.5103348265316532,-0.5239940584140692
-0.7031075515981399,-0.7028490135600869
1.334455321488329,1.1801604502188627
1.529469589869542,1.433817628648751
-0.9026049066088061,-0.7950429400698061
0.8345911623042999,1.2308171133031292
-0.6874167483950536,-0.8455302364266698
1.3053152583968834,1.3288774128326422
-0.09564931330723433,0.015535529856705635
1.45594696914651,1.170905575315583
-0.925020339756072,-0.7581766456422903
1.5855081727377067,1.4177188933681284
-0.6641046979218971,-0.735377116698081
-0.8376001504817351,-0.7462637909481421
-0.7232814414306791,-0.8579032106839024
-0.9586434894769709,-0.8309822024910188
-0.7681123077252109,-0.7930920304623003
-0.7569045911515779,-0.7779652874234476
-0.6941413783392334,-0.6463068663648116
1.0923686434978574,1.498077347069054
1.443394326584041,1.4331087281370638
-0.6448274254152485,-0.6942666332190564
-0.925020339756072,-0.8763010060614611
1.5855081727377067,1.3840284284755948
-0.49912710995802023,-0.400109482765788
-0.8689817568879074,-0.7536581607218505
1.8208702207839986,1.7531901806362817
1.7177592283065757,1.47427965373787
-0.8465663237406414,-0.8210182890623576
-0.7905277408724767,-0.7678181049571706
-0.8465663237406414,-0.7097234813208269
1.529469589869542,1.4359315943107245
-0.6645530065848424,-0.6996807821977986
0.812175729157034,1.073619100917259
-0.7905277408724767,-0.8053295879801066
-0.7793200242988438,-0.6404888736793481
-0.6672428585625144,-0.5256621023707737
1.0475377772033256,1.309142958352352
-0.6560351419888815,-0.6465536022611929
-0.050818447012702564,-0.061423349586216223
1.650512928864778,1.622237693706769
-0.45653778697821507,-0.4852591726290927
-0.7569045911515779,-0.763749350523553
-0.8689817568879074,-0.8157826410575324
-0.8017354574461096,-0.8097984442465732
-0.734489158004312,-0.905991112576845
1.4891218102044639,1.3313067921714314
-0.6336197088416156,-0.7321018037574074
-0.8801894734615403,-0.7560963806540866
-0.913812623182439,-0.8140531813689885
-0.7569045911515779,-0.7946622730937962
0.8457988788779328,1.2597320944806578
-0.6784505751361473,-0.786614091960777
-0.6784505751361473,-0.6775145328214754
-0.39377457416587053,-0.4649927048610459
0.8301080756748466,0.6668640290307406
1.0475377772033256,1.3206014838944207
-0.30187129826208053,-0.2912505278362331
-0.7681123077252109,-0.8250485041794632
-0.555165692826185,-0.42920397690851037
0.5992291142580081,1.010426247684783
1.3815277310975875,1.3335539259265075
-0.8241508905933755,-0.8509765041106893
-0.8353586071670085,-0.6708386255343866
-0.7120737248570461,-0.7069282228794006
-0.9026049066088061,-0.8242576261847264
-0.6999693909575225,-0.6503241539200959
-0.8241508905933755,-0.7389918456269186
1.7043099684182161,1.5683295701574007
-0.8017354574461096,-0.8034115570331339
-0.6784505751361473,-0.6165065732600465
-0.7008660082834132,-0.6165292426465718
-0.7793200242988438,-0.7199425136584247
-0.039610730439069625,0.03490741138910032
0.9511514146700825,0.8035919353992501
-0.6112042756943497,-0.6229253971737023
-0.5775811259734508,-0.5005049606585893
-0.8241508905933755,-0.7614218952060392
-0.8577740403142744,-0.781598189125336
-0.7681123077252109,-0.7868605691593977
1.40618470755958,1.3498637383083487
-0.936228056329705,-0.7381091929619817
-0.8801894734615403,-0.7864532809180148
-0.45070977435992593,-0.5757473451032608
-0.6874167483950536,-0.814924016948721
-0.543957976252552,-0.5893850860836795
-0.06740586754167936,-0.07372594174359898
1.5877497160524332,1.6169165491266537
-0.8017354574461096,-0.6792125711723764
-0.7569045911515779,-0.826310951500081
0.8233834457306669,1.1173925532072222
1.193238092660554,1.4696161441490894
1.0587454937769587,1.5294854276553658
-0.8913971900351733,-0.7642657801077423
1.372561557838681,1.3304761393953621
-0.7569045911515779,-0.6814142958304301
-0.9474357729033379,-0.8754612819491715
-0.31263070617276806,-0.20891552056174734
-0.6641046979218971,-0.5782205215284925
-0.8353586071670085,-0.6661478879276879
-0.8353586071670085,-0.7130999904387545
-0.913812623182439,-0.7994008009279486
1.2882795292049611,1.234038297918605
-0.745696874577945,-0.7171073010403638
-0.7905277408724767,-0.8151493002853616
-0.7232814414306791,-0.5904629775169165
0.03211865563218127,-0.0334962363678774
1.2860379858902347,1.273144949923331
-0.9474357729033379,-0.8958005424836473
1.0587454937769587,1.4982093047216647
-0.6672428585625144,-0.6127794361470797
-0.8129431740197426,-0.7538733777695197
1.4734310070013774,1.5074616033414878
-0.6672428585625144,-0.6998901472192994
1.443394326584041,1.4946685901241799
0.005220135855462142,-0.11226314940012007
-0.734489158004312,-0.5848286078269845
-0.8129431740197426,-0.6663764654309691
0.9690837611878952,1.076869482653717
-0.6784505751361473,-0.6344717505639841
1.3591122979503216,1.3197095451290182
1.0699532103505915,1.377679372988851
-0.7793200242988438,-0.793188978612864
-0.7681123077252109,-0.7500470571099497
2.1929664110286122,1.4861405395279088
-0.9026049066088061,-0.8042019589138711
-0.6672428585625144,-0.7244826571834875
-0.8465663237406414,-0.7780905222716167
-0.7793200242988438,-0.7324106319439415
-0.7569045911515779,-0.7211945511310256
-0.12927246302813317,-0.21829318068315753
-0.31263070617276806,-0.21984170047778126
-0.734489158004312,-0.771899433515509
-0.5641318660850912,-0.5735835235694501
1.4891218102044639,1.4180025695502207
1.6137516185032623,1.4393530396385739
0.6552676971261727,0.5500077346684206
-0.6645530065848424,-0.7904648872176144
0.9130451783197304,1.3087003700888846
-0.6672428585625144,-0.64658250232389
-0.7905277408724767,-0.7512670766247999
1.3053152583968834,1.4122006887503824
-0.6896582917097802,-0.5979385327419438
1.3860108177270405,1.3389209394667625
1.623614409088059,1.4152939438488834
-0.9026049066088061,-0.7440599101227864
0.4400795389124204,0.3107918121548655
-0.5103348265316532,-0.683723142231775
0.7113062799943375,0.7315091048335934
-0.6896582917097802,-0.7566342402079795
1.5025710700928232,1.370969760041249
-0.7793200242988438,-0.8689190788137107
-0.6560351419888815,-0.6772781255676388
-0.7008660082834132,-0.7534724747629308
0.3526593496380833,0.5345485912717928
1.708793055047669,1.73835235077219
-0.41260353800957394,-0.4356333771158399
-0.6641046979218971,-0.7308438149142206
1.1394410531071157,1.060593392843839
-0.6896582917097802,-0.7491344261762514
1.5339526764989957,1.4242718665790939
-0.37584222764805786,-0.3574214357097953
-0.6896582917097802,-0.7064850874480233
-0.8017354574461096,-0.8253182493246588
-0.8801894734615403,-0.7517846638136003
-0.7681123077252109,-0.6475081107962132
-0.8913971900351733,-0.7778205321027437
-0.936228056329705,-0.8838289419632626
-0.8689817568879074,-0.7758630362402784
-0.7793200242988438,-0.7618103450916015
-0.6448274254152485,-0.7008630076932613
-0.7120737248570461,-0.7751755754138421
-0.8353586071670085,-0.64059397669576
0.7337217131416034,1.179021267801558
-0.8689817568879074,-0.7700546881962151
1.4173924241332128,1.316914343637056
1.2604843921023516,1.2392164840391053
-0.7793200242988438,-0.764542874791717
-0.6641046979218971,-0.8025015993031669
-0.8801894734615403,-0.9052043480178007
-0.9474357729033379,-0.895572129464313
-0.5999965591207167,-0.6269482713044314
-0.8017354574461096,-0.7682978359725396
1.3272823828812041,1.3874810968666218
1.3631470759168294,1.2073200163133875
-0.24583271539391582,-0.2143135492350566
0.8704558553399251,0.7499504665162625
-0.8577740403142744,-0.836584564574875
1.1851685367275382,1.0443447159615742
-0.6784505751361473,-0.6671582755045757
-0.6336197088416156,-0.7028850810877504
-0.6645530065848424,-0.7692708332600056
-0.913812623182439,-0.8332271699641919
0.005220135855462142,0.12380690630015787
-0.8017354574461096,-0.659403597979784
0.8345911623042999,0.745535166814247
-0.1794830332780088,-0.3632257564970164
1.2335858723256325,1.156157867343164
-0.8241508905933755,-0.745373002229187
-0.7905277408724767,-0.8945825207895964
-0.913812623182439,-0.8186868009512515
0.7337217131416034,1.0986548694660858
-0.49688556664329364,-0.4677574318156731
-0.8577740403142744,-0.8055556837793553
-0.44622668773047275,-0.6076600570297025
1.2156535258078198,1.204110130245805
-0.8353586071670085,-0.751664552471687
0.24058218390175393,0.3899313747848407
1.2873829118790707,1.2346231030325643
-0.913812623182439,-0.7607495474813053
0.888388201857738,0.7183436460911602
1.688170856552185,1.8234959956416505
-0.31980364477989315,-0.47351119195753494
0.9968788982905047,0.7542319815278865
1.731208488194935,1.503322896481155
0.48715194852167865,0.6792160471749353
-0.9026049066088061,-0.8122290085734232
1.4218755107626662,1.314551573959652
-0.745696874577945,-0.635623567057297
-0.6336197088416156,-0.6739079937214835
-0.7120737248570461,-0.678377775828723
1.3680784712092278,1.3442165238310768
-0.6784505751361473,-0.6966372774039428
1.148407226366022,1.3417681063359057
1.5339526764989957,1.4714245234869323
1.2380689589550857,1.354929320869847
2.7623184129691656,3.3793901426073316
-0.745696874577945,-0.7202591322037561
-0.4879193933843873,-0.6063700716356383
1.4398078572804784,3.8411051747708846
-0.745696874577945,-0.8023019929101719
1.372561557838681,1.3555073648834055
-0.6336197088416156,-0.6150171562354748
-0.7905277408724767,-0.7773026819431046
-0.913812623182439,-0.7462692615690307
-0.6448274254152485,-0.6179080694002952
-0.7232814414306791,-0.6335068505066259
-0.6336197088416156,-0.7461305023213607
-0.6336197088416156,-0.6758043360819238
1.3165229749705163,1.4811046795101737
-0.8129431740197426,-0.7251950715486646
-0.7232814414306791,-0.7294149890208357
-0.670829327866077,-0.618250847662052
-0.7972523708166566,-0.7644019703599007
1.2241713904037808,1.2857596557889215
1.148407226366022,1.6087620763538577
1.0811609269242246,1.336851638530176
-0.5103348265316532,-0.6071631701963698
-0.7681123077252109,-0.738175087206253
-0.8241508905933755,-0.7333504502578245
-0.4179832419649178,-0.6206394211177456
-0.6896582917097802,-0.8415475953539874
-0.5327502596789191,-0.6439633786246022
-0.8376001504817351,-0.7873100577256499
-0.6641046979218971,-0.8148147085718151
-0.6672428585625144,-0.6550313731628072
0.6781314389363838,0.5726298760622006
-0.7838031109282969,-0.7770720843907799
1.0139146274824269,1.4076447610596308
-0.7569045911515779,-0.7882705180967872
1.2156535258078198,1.6396039339865789
1.4263585973921193,1.6235190533162824
-0.543957976252552,-0.4121807408943543
-0.936228056329705,-0.8469643067972016
1.453257117168838,1.4484234511623755
1.6276491870545666,1.4258898352555074
-0.8577740403142744,-0.821885637809998
-0.8353586071670085,-0.8509413809673189
-0.7569045911515779,-0.6542770049044034
-0.4879193933843873,-0.5536991478398053
-0.8353586071670085,-0.8047360676806794
-0.8689817568879074,-0.7686487929154874
-0.8801894734615403,-0.8668383092873253
-0.8577740403142744,-0.7436288797115108
-0.6112042756943497,-0.736957341929855
-0.6641046979218971,-0.8252708432371761
-0.8913971900351733,-0.7313893251009578
-0.8577740403142744,-0.7804970063521166
-0.6448274254152485,-0.6345959826765557
0.9829813297392,0.7466998183308547
-0.7008660082834132,-0.5994018857488458
1.311591579678118,1.21171193279963
-0.06202616358633551,0.16021174482793427
0.8233834457306669,1.2482927545884117
-0.7569045911515779,-0.7832735938603259
1.5160203299811827,1.403460456095015
1.3658369278945013,1.4395096218711034
-0.7008660082834132,-0.7033184891537053
1.654996015494231,1.4253895181052578
-0.6641046979218971,-0.6860280655361957
1.5787835427935275,1.3178052793722237
1.632580582346965,1.4735474569374012
-0.23596992480911871,-0.4728880487899837
-0.7681123077252109,-0.8009080414973817
-0.7232814414306791,-0.7217720752647789
-0.631378165526889,-0.6157531421108923
0.5902629409991016,0.6287218032833064
-0.6246535355827092,-0.8409016366635946
-0.8017354574461096,-0.7612589618561518
-0.8241508905933755,-0.7155227714378026
-0.6560351419888815,-0.6634793092403131
1.7177592283065757,1.4839514732049637
-0.5663734093998178,-0.529033253613342
0.7359632564563299,0.6086419940052503
1.6415467556058716,1.4191669017964428
1.4129093375037596,1.302779713578702
1.7043099684182161,1.4391589755869114
1.623614409088059,1.3672276038679831
-0.8129431740197426,-0.6764117678475979
-0.5215425431052861,-0.37943296906834056
1.5025710700928232,1.5035171330142132
-0.6246535355827092,-0.6450539638156132
-0.8465663237406414,-0.6886243916395559
-0.7120737248570461,-0.7227454086055395
-0.6672428585625144,-0.8199732858030794
0.18454360103358922,0.15692124751365372
-0.8124948653567973,-0.7011456882470612
-0.8241508905933755,-0.6735250738057517
-0.7793200242988438,-0.715929128289531
-0.630033239538053,-0.5783828444671922
-0.6784505751361473,-0.6765585784236302
-0.5775811259734508,-0.5345104770665953
-0.565028483410982,-0.5048384678221391
-0.9026049066088061,-0.838135207661711
1.372561557838681,1.280947029937921
1.3501461246914153,1.526200969675687
0.991499194335161,1.2212735023322383
-0.6407926474487406,-0.7947528176055715
-0.7793200242988438,-0.6656232126896106
-0.6896582917097802,-0.823805281403851
-0.6448274254152485,-0.5871587648383721
1.273933651990711,1.2219357780882676
1.5025710700928232,1.4741951711983243
-0.7569045911515779,-0.6715997283780901
-0.555165692826185,-0.5788671961808793
-0.49912710995802023,-0.7323908745856872
-0.9026049066088061,-0.8154473407590813
-0.9026049066088061,-0.8290713418873626
-0.6896582917097802,-0.806414719862522
-0.5372333463083723,-0.5016039091235418
-0.7681123077252109,-0.6703710312133854
-0.8129431740197426,-0.83916462610681
-0.7681123077252109,-0.7146416781313889
1.4263585973921193,1.4324401935936275
-0.31980364477989315,-0.1232105441388341
-0.745696874577945,-0.8022135686168623
-0.7569045911515779,-0.7544433508563018
1.5877497160524332,1.335863277112697
-0.6784505751361473,-0.6485146376059946
-0.8017354574461096,-0.7664737564712011
1.3680784712092278,1.370994434979323
1.2604843921023516,1.4983289562276687
1.3994600776154003,1.2890649421524885
-0.6641046979218971,-0.8544023432441513
1.3456630380619619,0.3592685957773132
-0.936228056329705,-0.8732180414224856
1.5832666294229802,1.444873940122275
1.4846387235750103,1.8263428367264611
-0.17410332932266492,-0.0007267947779449491
1.4958464401486433,1.6591051576970945
-0.6560351419888815,-0.7408777099013041
-0.8129431740197426,-0.7325281282153486
-0.8577740403142744,-0.8494177750433097
-0.913812623182439,-0.7917088269382215
-0.7120737248570461,-0.7112875629387828
-0.353426794500792,-0.20538502984323564
-0.2682481485411817,-0.21404379851133817
-0.6672428585625144,-0.7836051956375356
-0.925020339756072,-0.7873045520783458
-0.8129431740197426,-0.7587733195813277
-0.9026049066088061,-0.8621681815165497
0.980291477761528,1.4237537867632517
1.529469589869542,1.4380817403124273
-0.028403013865436682,-0.3514376270076855
-0.8465663237406414,-0.7369584953453683
1.5967158893113398,1.406787576749124
0.2854130501962857,0.4375039826108389
-0.8577740403142744,-0.758526610235387
-0.555165692826185,-0.4741265540800298
1.2268612423814529,1.3966791664890457
-0.6784505751361473,-0.7689376154883402
-0.7232814414306791,-0.7464688416744358
-0.6896582917097802,-0.6324121209634685
2.0898554185511893,2.534213357923944
1.4173924241332128,1.338710985074196
-0.42067309394258967,-0.853790991887856
-0.6672428585625144,-0.7967494939338513
-0.5215425431052861,-0.5561418344943437
-0.8913971900351733,-0.7963858591543335
1.6370636689764186,1.4597127850594418
-0.734489158004312,-0.5920777497687907
-0.745696874577945,-0.7599149738410332
-0.7232814414306791,-0.6549545187310518
1.5877497160524332,1.5192568710975058
1.4353247706510257,1.3500387602925548
-0.8129431740197426,-0.8090624792607586
-0.8577740403142744,-0.888304971177686
-0.6672428585625144,-0.7638049964981197
-0.6448274254152485,-0.6903743991399448
1.5025710700928232,1.3891817972765128
-0.6672428585625144,-0.7397875266196463
-0.5641318660850912,-0.60347907116207
-0.6672428585625144,-0.6883507573340202
0.9354606114669963,1.3382150561188957
-0.5663734093998178,-0.5054527481586436
1.5429188497579014,1.3835678468080521
-0.45653778697821507,-0.43063034453150456
1.0923686434978574,1.541535813495466
-0.8465663237406414,-0.7287229312550099
1.2627259354170781,1.283669341364909
-0.745696874577945,-0.6250724453725761
1.5429188497579014,1.456849928523628
-0.6112042756943497,-0.6040075744720877
0.8457988788779328,1.1986761179128054
-0.6896582917097802,-0.5502135028428566
1.3949769909859469,1.3328420138084762
-0.8241508905933755,-0.8055062682573559
-0.8241508905933755,-0.8407323366500193
1.3277306915441494,1.4311404728259474
-0.6641046979218971,-0.6357422115857163
-0.8913971900351733,-0.8194873644693095
-0.8577740403142744,-0.7824073537743204
-0.1427217229164927,-0.40432665742013174
-0.925020339756072,-0.8399751679777794
1.1981694879529525,1.2437817343734119
1.3680784712092278,1.3459929453035662
-0.8913971900351733,-0.841342544720549
1.2855896772272895,1.1851792644167822
0.9551861926365902,0.7463758983744145
1.1371995097923893,1.2504606064098562
-0.7008660082834132,-0.5728076006792572
1.4451875612358225,1.3274687157446936
-0.6349646348304515,-0.6164707602919525
1.3815277310975875,1.3593635627593186
-0.6896582917097802,-0.660172805426256
-0.6641046979218971,-0.8646516872602009
-0.8577740403142744,-0.9015207334505292
-0.7905277408724767,-0.7035625069061952
-0.936228056329705,-0.8857221453346915
0.8587998301033469,1.1654697625099077
1.291865998508524,1.2780456384055723
-0.7008660082834132,-0.5991303921785979
1.6137516185032623,1.4578134160870508
-0.925020339756072,-0.78305620392232
-0.5999965591207167,-0.8105738103730368
1.448774030539385,1.3844319221931822
-0.8017354574461096,-0.7339178487762104
-0.8766030041579776,-0.8544730096809814
1.3860108177270405,1.4052888435256319
-0.7232814414306791,-0.7919552528027411
-0.8913971900351733,-0.7703258293230183
-0.8689817568879074,-0.812105993501196
-0.6874167483950536,-0.8654666781164903
-0.6672428585625144,-0.6641919004503746
-0.7569045911515779,-0.7575609176922932
-0.745696874577945,-0.7216262948951274
1.4084262508743064,1.4049659529452265
1.731208488194935,1.8203505138395075
-0.936228056329705,-0.7941014064007775
-0.925020339756072,-0.8053935748454641
-0.33549444798297934,-0.35703682791948943
-0.5663734093998178,-0.5412262772205108
-0.734489158004312,-0.7178993415296412
-0.7008660082834132,-0.7625410138727708
-0.5327502596789191,-0.6074209263252266
0.8345911623042999,1.1681077764101362
-0.4901609366991139,-0.5494306429481028
-0.8689817568879074,-0.7759384969396926
-0.6896582917097802,-0.560853542428048
-0.6645530065848424,-0.7904661706248697
-0.7102804902052648,-0.7203795233462639
1.0475377772033256,1.4262789565908476
-0.8801894734615403,-0.8433439577184961
-0.6641046979218971,-0.6578690402538778
-0.20638155305472775,-0.23227672296076138
-0.8129431740197426,-0.6830122909431434
